Inflation Rate,Interest Rate Nominal - Advanced,Interest Rate Nominal - Moderate,Interest Rate Nominal - Conservative,Calculated Interest Rate Real - Advanced,Calculated Interest Rate Real - Moderate,Calculated Interest Rate Real - Conservative,Interest During Construction  - Nominal,Rate of Return on Equity Nominal - Advanced,Rate of Return on Equity Nominal - Moderate,Rate of Return on Equity Nominal - Conservative,Calculated Rate of Return on Equity Real - Advanced,Calculated Rate of Return on Equity Real - Moderate,Calculated Rate of Return on Equity Real - Conservative,Debt Fraction - Advanced,Debt Fraction - Moderate,Debt Fraction - Conservative,Tax Rate (Federal and State),WACC Nominal - Advanced,WACC Nominal - Moderate,WACC Nominal - Conservative,WACC Real - Advanced,WACC Real - Moderate,WACC Real - Conservative,Capital Recovery Factor (CRF) Nominal - Advanced,Capital Recovery Factor (CRF) Nominal - Moderate,Capital Recovery Factor (CRF) Nominal - Conservative,Capital Recovery Factor (CRF) Real - Advanced,Capital Recovery Factor (CRF) Real - Moderate,Capital Recovery Factor (CRF) Nominal - Conservative.1,Net Capacity Factor: Class 1 - Advanced,Net Capacity Factor: Class 1 - Moderate,Net Capacity Factor: Class 1 - Conservative,Net Capacity Factor: Class 2 - Advanced,Net Capacity Factor: Class 2 - Moderate,Net Capacity Factor: Class 2 - Conservative,Net Capacity Factor: Class 3 - Advanced,Net Capacity Factor: Class 3 - Moderate,Net Capacity Factor: Class 3 - Conservative,Net Capacity Factor: Class 4 - Advanced,Net Capacity Factor: Class 4 - Moderate,Net Capacity Factor: Class 4 - Conservative,Net Capacity Factor: Class 5 - Advanced,Net Capacity Factor: Class 5 - Moderate,Net Capacity Factor: Class 5 - Conservative,Net Capacity Factor: Class 6 - Advanced,Net Capacity Factor: Class 6 - Moderate,Net Capacity Factor: Class 6 - Conservative,Net Capacity Factor: Class 7 - Advanced,Net Capacity Factor: Class 7 - Moderate,Net Capacity Factor: Class 7 - Conservative,Net Capacity Factor: Class 8 - Advanced,Net Capacity Factor: Class 8 - Moderate,Net Capacity Factor: Class 8 - Conservative,Net Capacity Factor: Class 9 - Advanced,Net Capacity Factor: Class 9 - Moderate,Net Capacity Factor: Class 9 - Conservative,Net Capacity Factor: Class 10 - Advanced,Net Capacity Factor: Class 10 - Moderate,Net Capacity Factor: Class 10 - Conservative,Net Capacity Factor: Class 11 - Advanced,Net Capacity Factor: Class 11 - Moderate,Net Capacity Factor: Class 11 - Conservative,Net Capacity Factor: Class 12 - Advanced,Net Capacity Factor: Class 12 - Moderate,Net Capacity Factor: Class 12 - Conservative,Net Capacity Factor: Class 13 - Advanced,Net Capacity Factor: Class 13 - Moderate,Net Capacity Factor: Class 13 - Conservative,Net Capacity Factor: Class 14 - Advanced,Net Capacity Factor: Class 14 - Moderate,Net Capacity Factor: Class 14 - Conservative,Annual Energy Production: Class 1 - Advanced,Annual Energy Production: Class 1 - Moderate,Annual Energy Production: Class 1 - Conservative,Annual Energy Production: Class 2 - Advanced,Annual Energy Production: Class 2 - Moderate,Annual Energy Production: Class 2 - Conservative,Annual Energy Production: Class 3 - Advanced,Annual Energy Production: Class 3 - Moderate,Annual Energy Production: Class 3 - Conservative,Annual Energy Production: Class 4 - Advanced,Annual Energy Production: Class 4 - Moderate,Annual Energy Production: Class 4 - Conservative,Annual Energy Production: Class 5 - Advanced,Annual Energy Production: Class 5 - Moderate,Annual Energy Production: Class 5 - Conservative,Annual Energy Production: Class 6 - Advanced,Annual Energy Production: Class 6 - Moderate,Annual Energy Production: Class 6 - Conservative,Annual Energy Production: Class 7 - Advanced,Annual Energy Production: Class 7 - Moderate,Annual Energy Production: Class 7 - Conservative,Annual Energy Production: Class 8 - Advanced,Annual Energy Production: Class 8 - Moderate,Annual Energy Production: Class 8 - Conservative,Annual Energy Production: Class 9 - Advanced,Annual Energy Production: Class 9 - Moderate,Annual Energy Production: Class 9 - Conservative,Annual Energy Production: Class 10 - Advanced,Annual Energy Production: Class 10 - Moderate,Annual Energy Production: Class 10 - Conservative,Annual Energy Production: Class 11 - Advanced,Annual Energy Production: Class 11 - Moderate,Annual Energy Production: Class 11 - Conservative,Annual Energy Production: Class 12 - Advanced,Annual Energy Production: Class 12 - Moderate,Annual Energy Production: Class 12 - Conservative,Annual Energy Production: Class 13 - Advanced,Annual Energy Production: Class 13 - Moderate,Annual Energy Production: Class 13 - Conservative,Annual Energy Production: Class 14 - Advanced,Annual Energy Production: Class 14 - Moderate,Annual Energy Production: Class 14 - Conservative,CAPEX: Class 1 - Advanced,CAPEX: Class 1 - Moderate,CAPEX: Class 1 - Conservative,CAPEX: Class 2 - Advanced,CAPEX: Class 2 - Moderate,CAPEX: Class 2 - Conservative,CAPEX: Class 3 - Advanced,CAPEX: Class 3 - Moderate,CAPEX: Class 3 - Conservative,CAPEX: Class 4 - Advanced,CAPEX: Class 4 - Moderate,CAPEX: Class 4 - Conservative,CAPEX: Class 5 - Advanced,CAPEX: Class 5 - Moderate,CAPEX: Class 5 - Conservative,CAPEX: Class 6 - Advanced,CAPEX: Class 6 - Moderate,CAPEX: Class 6 - Conservative,CAPEX: Class 7 - Advanced,CAPEX: Class 7 - Moderate,CAPEX: Class 7 - Conservative,CAPEX: Class 8 - Advanced,CAPEX: Class 8 - Moderate,CAPEX: Class 8 - Conservative,CAPEX: Class 9 - Advanced,CAPEX: Class 9 - Moderate,CAPEX: Class 9 - Conservative,CAPEX: Class 10 - Advanced,CAPEX: Class 10 - Moderate,CAPEX: Class 10 - Conservative,CAPEX: Class 11 - Advanced,CAPEX: Class 11 - Moderate,CAPEX: Class 11 - Conservative,CAPEX: Class 12 - Advanced,CAPEX: Class 12 - Moderate,CAPEX: Class 12 - Conservative,CAPEX: Class 13 - Advanced,CAPEX: Class 13 - Moderate,CAPEX: Class 13 - Conservative,CAPEX: Class 14 - Advanced,CAPEX: Class 14 - Moderate,CAPEX: Class 14 - Conservative,Construction Financing Cost: Class 1 - Advanced,Construction Financing Cost: Class 1 - Moderate,Construction Financing Cost: Class 1 - Conservative,Construction Financing Cost: Class 2 - Advanced,Construction Financing Cost: Class 2 - Moderate,Construction Financing Cost: Class 2 - Conservative,Construction Financing Cost: Class 3 - Advanced,Construction Financing Cost: Class 3 - Moderate,Construction Financing Cost: Class 3 - Conservative,Construction Financing Cost: Class 4 - Advanced,Construction Financing Cost: Class 4 - Moderate,Construction Financing Cost: Class 4 - Conservative,Construction Financing Cost: Class 5 - Advanced,Construction Financing Cost: Class 5 - Moderate,Construction Financing Cost: Class 5 - Conservative,Construction Financing Cost: Class 6 - Advanced,Construction Financing Cost: Class 6 - Moderate,Construction Financing Cost: Class 6 - Conservative,Construction Financing Cost: Class 7 - Advanced,Construction Financing Cost: Class 7 - Moderate,Construction Financing Cost: Class 7 - Conservative,Construction Financing Cost: Class 8 - Advanced,Construction Financing Cost: Class 8 - Moderate,Construction Financing Cost: Class 8 - Conservative,Construction Financing Cost: Class 9 - Advanced,Construction Financing Cost: Class 9 - Moderate,Construction Financing Cost: Class 9 - Conservative,Construction Financing Cost: Class 10 - Advanced,Construction Financing Cost: Class 10 - Moderate,Construction Financing Cost: Class 10 - Conservative,Construction Financing Cost: Class 11 - Advanced,Construction Financing Cost: Class 11 - Moderate,Construction Financing Cost: Class 11 - Conservative,Construction Financing Cost: Class 12 - Advanced,Construction Financing Cost: Class 12 - Moderate,Construction Financing Cost: Class 12 - Conservative,Construction Financing Cost: Class 13 - Advanced,Construction Financing Cost: Class 13 - Moderate,Construction Financing Cost: Class 13 - Conservative,Construction Financing Cost: Class 14 - Advanced,Construction Financing Cost: Class 14 - Moderate,Construction Financing Cost: Class 14 - Conservative,Overnight Capital Cost: Class 1 - Advanced,Overnight Capital Cost: Class 1 - Moderate,Overnight Capital Cost: Class 1 - Conservative,Overnight Capital Cost: Class 2 - Advanced,Overnight Capital Cost: Class 2 - Moderate,Overnight Capital Cost: Class 2 - Conservative,Overnight Capital Cost: Class 3 - Advanced,Overnight Capital Cost: Class 3 - Moderate,Overnight Capital Cost: Class 3 - Conservative,Overnight Capital Cost: Class 4 - Advanced,Overnight Capital Cost: Class 4 - Moderate,Overnight Capital Cost: Class 4 - Conservative,Overnight Capital Cost: Class 5 - Advanced,Overnight Capital Cost: Class 5 - Moderate,Overnight Capital Cost: Class 5 - Conservative,Overnight Capital Cost: Class 6 - Advanced,Overnight Capital Cost: Class 6 - Moderate,Overnight Capital Cost: Class 6 - Conservative,Overnight Capital Cost: Class 7 - Advanced,Overnight Capital Cost: Class 7 - Moderate,Overnight Capital Cost: Class 7 - Conservative,Overnight Capital Cost: Class 8 - Advanced,Overnight Capital Cost: Class 8 - Moderate,Overnight Capital Cost: Class 8 - Conservative,Overnight Capital Cost: Class 9 - Advanced,Overnight Capital Cost: Class 9 - Moderate,Overnight Capital Cost: Class 9 - Conservative,Overnight Capital Cost: Class 10 - Advanced,Overnight Capital Cost: Class 10 - Moderate,Overnight Capital Cost: Class 10 - Conservative,Overnight Capital Cost: Class 11 - Advanced,Overnight Capital Cost: Class 11 - Moderate,Overnight Capital Cost: Class 11 - Conservative,Overnight Capital Cost: Class 12 - Advanced,Overnight Capital Cost: Class 12 - Moderate,Overnight Capital Cost: Class 12 - Conservative,Overnight Capital Cost: Class 13 - Advanced,Overnight Capital Cost: Class 13 - Moderate,Overnight Capital Cost: Class 13 - Conservative,Overnight Capital Cost: Class 14 - Advanced,Overnight Capital Cost: Class 14 - Moderate,Overnight Capital Cost: Class 14 - Conservative,FOME: Class 1 - Advanced,FOME: Class 1 - Moderate,FOME: Class 1 - Conservative,FOME: Class 2 - Advanced,FOME: Class 2 - Moderate,FOME: Class 2 - Conservative,FOME: Class 3 - Advanced,FOME: Class 3 - Moderate,FOME: Class 3 - Conservative,FOME: Class 4 - Advanced,FOME: Class 4 - Moderate,FOME: Class 4 - Conservative,FOME: Class 5 - Advanced,FOME: Class 5 - Moderate,FOME: Class 5 - Conservative,FOME: Class 6 - Advanced,FOME: Class 6 - Moderate,FOME: Class 6 - Conservative,FOME: Class 7 - Advanced,FOME: Class 7 - Moderate,FOME: Class 7 - Conservative,FOME: Class 8 - Advanced,FOME: Class 8 - Moderate,FOME: Class 8 - Conservative,FOME: Class 9 - Advanced,FOME: Class 9 - Moderate,FOME: Class 9 - Conservative,FOME: Class 10 - Advanced,FOME: Class 10 - Moderate,FOME: Class 10 - Conservative,FOME: Class 11 - Advanced,FOME: Class 11 - Moderate,FOME: Class 11 - Conservative,FOME: Class 12 - Advanced,FOME: Class 12 - Moderate,FOME: Class 12 - Conservative,FOME: Class 13 - Advanced,FOME: Class 13 - Moderate,FOME: Class 13 - Conservative,FOME: Class 14 - Advanced,FOME: Class 14 - Moderate,FOME: Class 14 - Conservative,Offshore Spur Line Costs: Class 1 - Advanced,Offshore Spur Line Costs: Class 1 - Moderate,Offshore Spur Line Costs: Class 1 - Conservative,Offshore Spur Line Costs: Class 2 - Advanced,Offshore Spur Line Costs: Class 2 - Moderate,Offshore Spur Line Costs: Class 2 - Conservative,Offshore Spur Line Costs: Class 3 - Advanced,Offshore Spur Line Costs: Class 3 - Moderate,Offshore Spur Line Costs: Class 3 - Conservative,Offshore Spur Line Costs: Class 4 - Advanced,Offshore Spur Line Costs: Class 4 - Moderate,Offshore Spur Line Costs: Class 4 - Conservative,Offshore Spur Line Costs: Class 5 - Advanced,Offshore Spur Line Costs: Class 5 - Moderate,Offshore Spur Line Costs: Class 5 - Conservative,Offshore Spur Line Costs: Class 6 - Advanced,Offshore Spur Line Costs: Class 6 - Moderate,Offshore Spur Line Costs: Class 6 - Conservative,Offshore Spur Line Costs: Class 7 - Advanced,Offshore Spur Line Costs: Class 7 - Moderate,Offshore Spur Line Costs: Class 7 - Conservative,Offshore Spur Line Costs: Class 8 - Advanced,Offshore Spur Line Costs: Class 8 - Moderate,Offshore Spur Line Costs: Class 8 - Conservative,Offshore Spur Line Costs: Class 9 - Advanced,Offshore Spur Line Costs: Class 9 - Moderate,Offshore Spur Line Costs: Class 9 - Conservative,Offshore Spur Line Costs: Class 10 - Advanced,Offshore Spur Line Costs: Class 10 - Moderate,Offshore Spur Line Costs: Class 10 - Conservative,Offshore Spur Line Costs: Class 11 - Advanced,Offshore Spur Line Costs: Class 11 - Moderate,Offshore Spur Line Costs: Class 11 - Conservative,Offshore Spur Line Costs: Class 12 - Advanced,Offshore Spur Line Costs: Class 12 - Moderate,Offshore Spur Line Costs: Class 12 - Conservative,Offshore Spur Line Costs: Class 13 - Advanced,Offshore Spur Line Costs: Class 13 - Moderate,Offshore Spur Line Costs: Class 13 - Conservative,Offshore Spur Line Costs: Class 14 - Advanced,Offshore Spur Line Costs: Class 14 - Moderate,Offshore Spur Line Costs: Class 14 - Conservative,Levelized Cost of Energy: Class 1 - Advanced,Levelized Cost of Energy: Class 1 - Moderate,Levelized Cost of Energy: Class 1 - Conservative,Levelized Cost of Energy: Class 2 - Advanced,Levelized Cost of Energy: Class 2 - Moderate,Levelized Cost of Energy: Class 2 - Conservative,Levelized Cost of Energy: Class 3 - Advanced,Levelized Cost of Energy: Class 3 - Moderate,Levelized Cost of Energy: Class 3 - Conservative,Levelized Cost of Energy: Class 4 - Advanced,Levelized Cost of Energy: Class 4 - Moderate,Levelized Cost of Energy: Class 4 - Conservative,Levelized Cost of Energy: Class 5 - Advanced,Levelized Cost of Energy: Class 5 - Moderate,Levelized Cost of Energy: Class 5 - Conservative,Levelized Cost of Energy: Class 6 - Advanced,Levelized Cost of Energy: Class 6 - Moderate,Levelized Cost of Energy: Class 6 - Conservative,Levelized Cost of Energy: Class 7 - Advanced,Levelized Cost of Energy: Class 7 - Moderate,Levelized Cost of Energy: Class 7 - Conservative,Levelized Cost of Energy: Class 8 - Advanced,Levelized Cost of Energy: Class 8 - Moderate,Levelized Cost of Energy: Class 8 - Conservative,Levelized Cost of Energy: Class 9 - Advanced,Levelized Cost of Energy: Class 9 - Moderate,Levelized Cost of Energy: Class 9 - Conservative,Levelized Cost of Energy: Class 10 - Advanced,Levelized Cost of Energy: Class 10 - Moderate,Levelized Cost of Energy: Class 10 - Conservative,Levelized Cost of Energy: Class 11 - Advanced,Levelized Cost of Energy: Class 11 - Moderate,Levelized Cost of Energy: Class 11 - Conservative,Levelized Cost of Energy: Class 12 - Advanced,Levelized Cost of Energy: Class 12 - Moderate,Levelized Cost of Energy: Class 12 - Conservative,Levelized Cost of Energy: Class 13 - Advanced,Levelized Cost of Energy: Class 13 - Moderate,Levelized Cost of Energy: Class 13 - Conservative,Levelized Cost of Energy: Class 14 - Advanced,Levelized Cost of Energy: Class 14 - Moderate,Levelized Cost of Energy: Class 14 - Conservative
2.5,4.0,4.0,4.0,1.5,1.5,1.5,4.0,10.0,10.0,10.0,7.3,7.3,7.3,68.5,68.5,68.5,25.7,5.2,5.2,5.2,2.6,2.6,2.6,6.6,6.6,6.6,4.9,4.9,4.9,4.7,4.6,4.5,4.6,4.5,4.4,4.6,4.6,4.4,4.6,4.5,4.4,4.5,4.5,4.3,3.9,3.8,3.7,3.0,3.0,2.9,5.2,5.2,5.2,5.1,5.1,5.0,5.0,5.0,4.9,5.0,4.9,4.9,4.7,4.7,4.6,3.7,3.7,3.7,3.1,3.0,3.0,4110.0,4065.0,3954.0,4005.0,3961.0,3853.0,4035.0,3991.0,3882.0,4017.0,3973.0,3864.0,3952.0,3908.0,3802.0,3393.0,3356.0,3264.0,2621.0,2592.0,2521.0,4598.0,4577.0,4523.0,4486.0,4465.0,4412.0,4406.0,4386.0,4334.0,4347.0,4326.0,4276.0,4096.0,4076.0,4028.0,3266.0,3251.0,3212.0,2684.0,2672.0,2640.0,2872.0,3070.0,3473.0,2906.0,3107.0,3515.0,3022.0,3231.0,3655.0,3138.0,3355.0,3795.0,3293.0,3520.0,3982.0,3270.0,3495.0,3954.0,3299.0,3527.0,3990.0,4107.0,4395.0,4950.0,4182.0,4474.0,5040.0,4274.0,4573.0,5151.0,4576.0,4896.0,5515.0,4771.0,5105.0,5751.0,4899.0,5242.0,5904.0,4956.0,5303.0,5973.0,200.0,214.0,242.0,202.0,216.0,245.0,210.0,225.0,254.0,218.0,233.0,264.0,229.0,245.0,277.0,228.0,243.0,275.0,230.0,245.0,278.0,286.0,306.0,345.0,291.0,311.0,351.0,297.0,318.0,359.0,318.0,341.0,384.0,332.0,355.0,400.0,341.0,365.0,411.0,345.0,369.0,416.0,1959.0,2094.0,2368.0,1965.0,2100.0,2376.0,2067.0,2209.0,2499.0,2158.0,2307.0,2610.0,2196.0,2348.0,2656.0,2217.0,2369.0,2680.0,2419.0,2586.0,2925.0,2981.0,3190.0,3593.0,2992.0,3202.0,3607.0,3075.0,3290.0,3706.0,3187.0,3410.0,3841.0,3221.0,3447.0,3883.0,3225.0,3451.0,3887.0,3542.0,3791.0,4270.0,93.0,99.0,110.0,95.0,101.0,113.0,97.0,103.0,115.0,97.0,104.0,116.0,100.0,107.0,119.0,99.0,105.0,117.0,94.0,100.0,112.0,69.0,73.0,81.0,69.0,74.0,82.0,72.0,77.0,85.0,78.0,83.0,92.0,79.0,88.0,98.0,85.0,90.0,101.0,77.0,82.0,91.0,714.0,763.0,863.0,739.0,790.0,894.0,745.0,796.0,901.0,762.0,814.0,921.0,868.0,928.0,1049.0,826.0,883.0,998.0,651.0,695.0,787.0,840.0,899.0,1013.0,898.0,961.0,1083.0,902.0,965.0,1087.0,1070.0,1145.0,1290.0,1218.0,1303.0,1468.0,1333.0,1426.0,1607.0,1068.0,1143.0,1288.0,58.0,63.0,72.0,60.0,65.0,76.0,62.0,67.0,77.0,64.0,69.0,80.0,68.0,73.0,84.0,78.0,84.0,97.0,100.0,108.0,125.0,60.0,65.0,73.0,63.0,67.0,77.0,66.0,70.0,80.0,71.0,77.0,87.0,78.0,85.0,97.0,102.0,110.0,125.0,122.0,131.0,149.0
2.5,4.0,4.0,4.0,1.5,1.5,1.5,4.0,10.0,10.0,10.0,7.3,7.3,7.3,68.5,68.5,68.5,25.7,5.2,5.2,5.2,2.6,2.6,2.6,6.6,6.6,6.6,4.9,4.9,4.9,4.7,4.7,4.5,4.6,4.5,4.4,4.6,4.6,4.4,4.6,4.6,4.4,4.5,4.5,4.4,3.9,3.9,3.7,3.0,3.0,2.9,5.3,5.2,5.2,5.1,5.1,5.0,5.0,5.0,5.0,5.0,5.0,4.9,4.7,4.7,4.6,3.7,3.7,3.7,3.1,3.1,3.0,4140.0,4090.0,3966.0,4034.0,3985.0,3865.0,4065.0,4015.0,3893.0,4046.0,3997.0,3876.0,3981.0,3932.0,3813.0,3418.0,3376.0,3274.0,2640.0,2608.0,2529.0,4613.0,4589.0,4529.0,4500.0,4477.0,4418.0,4420.0,4397.0,4340.0,4361.0,4338.0,4281.0,4109.0,4087.0,4034.0,3276.0,3259.0,3217.0,2693.0,2679.0,2644.0,2727.0,2938.0,3381.0,2760.0,2973.0,3421.0,2870.0,3092.0,3557.0,2980.0,3210.0,3694.0,3127.0,3369.0,3876.0,3105.0,3345.0,3849.0,3133.0,3375.0,3884.0,3910.0,4221.0,4834.0,3981.0,4298.0,4921.0,4069.0,4392.0,5030.0,4357.0,4703.0,5385.0,4543.0,4903.0,5615.0,4664.0,5034.0,5765.0,4718.0,5093.0,5832.0,190.0,204.0,235.0,192.0,207.0,238.0,200.0,215.0,248.0,207.0,223.0,257.0,218.0,234.0,270.0,216.0,233.0,268.0,218.0,235.0,270.0,272.0,294.0,336.0,277.0,299.0,342.0,283.0,306.0,350.0,303.0,327.0,375.0,316.0,341.0,391.0,325.0,350.0,401.0,328.0,354.0,406.0,1860.0,2004.0,2305.0,1865.0,2010.0,2313.0,1962.0,2114.0,2433.0,2049.0,2208.0,2540.0,2085.0,2247.0,2585.0,2105.0,2267.0,2609.0,2297.0,2474.0,2847.0,2838.0,3064.0,3508.0,2849.0,3075.0,3522.0,2928.0,3160.0,3619.0,3035.0,3275.0,3751.0,3067.0,3311.0,3791.0,3070.0,3314.0,3795.0,3373.0,3641.0,4169.0,89.0,96.0,108.0,91.0,98.0,111.0,93.0,100.0,113.0,94.0,101.0,114.0,96.0,103.0,117.0,95.0,102.0,115.0,91.0,97.0,110.0,66.0,71.0,80.0,67.0,72.0,81.0,70.0,74.0,84.0,75.0,81.0,91.0,76.0,86.0,97.0,82.0,88.0,99.0,74.0,79.0,90.0,678.0,730.0,840.0,702.0,756.0,870.0,707.0,762.0,877.0,723.0,779.0,897.0,824.0,888.0,1021.0,784.0,845.0,972.0,618.0,666.0,766.0,800.0,863.0,989.0,855.0,923.0,1057.0,858.0,927.0,1061.0,1019.0,1100.0,1259.0,1160.0,1252.0,1433.0,1269.0,1370.0,1569.0,1017.0,1098.0,1257.0,55.0,60.0,71.0,57.0,62.0,74.0,59.0,64.0,75.0,61.0,66.0,78.0,64.0,70.0,82.0,74.0,80.0,95.0,95.0,103.0,121.0,57.0,62.0,72.0,60.0,65.0,75.0,62.0,68.0,78.0,68.0,74.0,85.0,75.0,82.0,95.0,97.0,105.0,122.0,116.0,126.0,146.0
2.5,4.0,4.0,4.0,1.5,1.5,1.5,4.0,10.0,10.0,10.0,7.3,7.3,7.3,68.5,68.5,68.5,25.7,5.2,5.2,5.2,2.6,2.6,2.6,6.6,6.6,6.6,4.9,4.9,4.9,4.8,4.7,4.5,4.6,4.6,4.4,4.7,4.6,4.5,4.6,4.6,4.4,4.6,4.5,4.4,3.9,3.9,3.7,3.0,3.0,2.9,5.3,5.3,5.2,5.2,5.1,5.0,5.1,5.0,5.0,5.0,5.0,4.9,4.7,4.7,4.6,3.8,3.7,3.7,3.1,3.1,3.0,4166.0,4111.0,3976.0,4059.0,4006.0,3875.0,4090.0,4036.0,3903.0,4071.0,4017.0,3886.0,4006.0,3953.0,3823.0,3439.0,3394.0,3282.0,2657.0,2622.0,2536.0,4625.0,4599.0,4534.0,4512.0,4487.0,4423.0,4432.0,4407.0,4345.0,4372.0,4347.0,4286.0,4120.0,4096.0,4038.0,3285.0,3267.0,3220.0,2700.0,2685.0,2647.0,2599.0,2821.0,3299.0,2630.0,2855.0,3338.0,2735.0,2969.0,3471.0,2840.0,3083.0,3604.0,2980.0,3235.0,3782.0,2959.0,3212.0,3755.0,2986.0,3241.0,3789.0,3737.0,4068.0,4730.0,3805.0,4141.0,4815.0,3889.0,4233.0,4922.0,4163.0,4532.0,5269.0,4341.0,4725.0,5494.0,4457.0,4851.0,5641.0,4509.0,4908.0,5707.0,181.0,196.0,230.0,183.0,199.0,232.0,190.0,207.0,242.0,198.0,215.0,251.0,207.0,225.0,263.0,206.0,224.0,261.0,208.0,226.0,264.0,260.0,283.0,329.0,265.0,288.0,335.0,271.0,295.0,343.0,290.0,315.0,367.0,302.0,329.0,382.0,310.0,338.0,393.0,314.0,342.0,397.0,1772.0,1924.0,2249.0,1778.0,1930.0,2256.0,1870.0,2030.0,2374.0,1953.0,2120.0,2479.0,1987.0,2157.0,2522.0,2006.0,2177.0,2546.0,2189.0,2376.0,2778.0,2713.0,2952.0,3433.0,2723.0,2964.0,3446.0,2798.0,3045.0,3541.0,2900.0,3156.0,3670.0,2931.0,3190.0,3709.0,2934.0,3194.0,3713.0,3223.0,3508.0,4079.0,87.0,93.0,107.0,88.0,95.0,109.0,90.0,97.0,111.0,91.0,98.0,112.0,93.0,101.0,115.0,92.0,99.0,113.0,88.0,95.0,108.0,64.0,69.0,79.0,65.0,70.0,80.0,68.0,73.0,83.0,73.0,79.0,90.0,74.0,84.0,95.0,80.0,86.0,98.0,72.0,77.0,88.0,646.0,701.0,820.0,669.0,726.0,849.0,674.0,732.0,856.0,689.0,748.0,875.0,785.0,852.0,997.0,747.0,811.0,948.0,589.0,639.0,747.0,764.0,832.0,967.0,817.0,890.0,1034.0,820.0,893.0,1038.0,974.0,1060.0,1232.0,1108.0,1206.0,1402.0,1213.0,1320.0,1535.0,972.0,1058.0,1230.0,52.0,57.0,69.0,55.0,60.0,72.0,56.0,61.0,74.0,58.0,63.0,76.0,61.0,67.0,80.0,70.0,77.0,93.0,90.0,99.0,119.0,55.0,60.0,70.0,57.0,62.0,73.0,60.0,65.0,77.0,65.0,71.0,83.0,71.0,79.0,93.0,93.0,102.0,119.0,111.0,122.0,143.0
2.5,4.0,4.0,4.0,1.5,1.5,1.5,4.0,10.0,10.0,10.0,7.3,7.3,7.3,68.5,68.5,68.5,25.7,5.2,5.2,5.2,2.6,2.6,2.6,6.6,6.6,6.6,4.9,4.9,4.9,4.8,4.7,4.5,4.7,4.6,4.4,4.7,4.6,4.5,4.7,4.6,4.4,4.6,4.5,4.4,3.9,3.9,3.8,3.0,3.0,2.9,5.3,5.3,5.2,5.2,5.1,5.1,5.1,5.0,5.0,5.0,5.0,4.9,4.7,4.7,4.6,3.8,3.7,3.7,3.1,3.1,3.0,4188.0,4129.0,3985.0,4081.0,4024.0,3883.0,4112.0,4054.0,3912.0,4093.0,4035.0,3894.0,4027.0,3970.0,3832.0,3457.0,3409.0,3290.0,2671.0,2633.0,2541.0,4636.0,4608.0,4538.0,4523.0,4495.0,4427.0,4443.0,4416.0,4349.0,4382.0,4356.0,4290.0,4129.0,4104.0,4042.0,3293.0,3273.0,3223.0,2706.0,2690.0,2649.0,2484.0,2716.0,3224.0,2513.0,2748.0,3262.0,2614.0,2858.0,3392.0,2714.0,2967.0,3523.0,2848.0,3114.0,3697.0,2828.0,3092.0,3670.0,2853.0,3119.0,3703.0,3581.0,3929.0,4635.0,3646.0,4000.0,4719.0,3726.0,4088.0,4823.0,3989.0,4377.0,5164.0,4160.0,4564.0,5384.0,4271.0,4686.0,5528.0,4321.0,4741.0,5593.0,173.0,189.0,224.0,175.0,191.0,227.0,182.0,199.0,236.0,189.0,207.0,245.0,198.0,217.0,257.0,197.0,215.0,255.0,199.0,217.0,258.0,249.0,273.0,323.0,254.0,278.0,328.0,259.0,285.0,336.0,278.0,305.0,359.0,289.0,318.0,375.0,297.0,326.0,385.0,301.0,330.0,389.0,1694.0,1852.0,2199.0,1699.0,1858.0,2205.0,1787.0,1954.0,2320.0,1866.0,2041.0,2423.0,1899.0,2077.0,2465.0,1917.0,2096.0,2488.0,2092.0,2287.0,2715.0,2599.0,2852.0,3364.0,2609.0,2863.0,3377.0,2681.0,2941.0,3470.0,2779.0,3049.0,3597.0,2808.0,3082.0,3635.0,2811.0,3085.0,3639.0,3088.0,3389.0,3998.0,84.0,91.0,105.0,86.0,93.0,107.0,87.0,95.0,109.0,88.0,96.0,110.0,91.0,98.0,113.0,89.0,97.0,112.0,85.0,92.0,107.0,62.0,68.0,78.0,63.0,68.0,79.0,66.0,71.0,82.0,71.0,77.0,89.0,72.0,82.0,94.0,78.0,84.0,97.0,70.0,76.0,87.0,617.0,675.0,801.0,639.0,699.0,830.0,644.0,704.0,836.0,659.0,720.0,855.0,750.0,820.0,974.0,714.0,781.0,927.0,563.0,615.0,730.0,732.0,804.0,948.0,783.0,859.0,1014.0,786.0,863.0,1017.0,933.0,1024.0,1208.0,1062.0,1165.0,1374.0,1162.0,1275.0,1504.0,931.0,1022.0,1206.0,50.0,55.0,67.0,52.0,58.0,70.0,54.0,59.0,72.0,55.0,61.0,74.0,58.0,65.0,79.0,67.0,74.0,91.0,86.0,95.0,116.0,53.0,58.0,69.0,55.0,60.0,72.0,57.0,63.0,75.0,62.0,69.0,82.0,69.0,76.0,91.0,89.0,98.0,117.0,107.0,118.0,140.0
2.5,4.0,4.0,4.0,1.5,1.5,1.5,4.0,10.0,10.0,10.0,7.3,7.3,7.3,68.5,68.5,68.5,25.7,5.2,5.2,5.2,2.6,2.6,2.6,6.6,6.6,6.6,4.9,4.9,4.9,4.8,4.7,4.6,4.7,4.6,4.4,4.7,4.6,4.5,4.7,4.6,4.5,4.6,4.5,4.4,4.0,3.9,3.8,3.1,3.0,2.9,5.3,5.3,5.2,5.2,5.1,5.1,5.1,5.0,5.0,5.0,5.0,4.9,4.7,4.7,4.6,3.8,3.7,3.7,3.1,3.1,3.0,4207.0,4145.0,3992.0,4100.0,4039.0,3891.0,4131.0,4070.0,3920.0,4112.0,4051.0,3902.0,4046.0,3986.0,3839.0,3473.0,3422.0,3296.0,2683.0,2644.0,2546.0,4645.0,4616.0,4542.0,4532.0,4503.0,4431.0,4452.0,4423.0,4353.0,4391.0,4363.0,4294.0,4138.0,4111.0,4046.0,3299.0,3278.0,3226.0,2712.0,2695.0,2652.0,2378.0,2619.0,3155.0,2406.0,2650.0,3193.0,2502.0,2755.0,3320.0,2599.0,2861.0,3447.0,2727.0,3002.0,3618.0,2707.0,2981.0,3592.0,2732.0,3008.0,3624.0,3437.0,3802.0,4547.0,3500.0,3871.0,4630.0,3577.0,3956.0,4732.0,3829.0,4236.0,5066.0,3993.0,4417.0,5283.0,4100.0,4535.0,5424.0,4148.0,4587.0,5487.0,166.0,182.0,220.0,167.0,184.0,222.0,174.0,192.0,231.0,181.0,199.0,240.0,190.0,209.0,252.0,188.0,207.0,250.0,190.0,209.0,252.0,239.0,265.0,316.0,244.0,269.0,322.0,249.0,275.0,329.0,267.0,295.0,353.0,278.0,307.0,368.0,285.0,316.0,377.0,289.0,319.0,382.0,1622.0,1786.0,2152.0,1627.0,1791.0,2158.0,1711.0,1884.0,2270.0,1787.0,1968.0,2371.0,1818.0,2002.0,2413.0,1835.0,2021.0,2435.0,2003.0,2205.0,2657.0,2495.0,2760.0,3301.0,2504.0,2770.0,3313.0,2573.0,2846.0,3404.0,2667.0,2950.0,3529.0,2696.0,2982.0,3567.0,2699.0,2985.0,3570.0,2965.0,3279.0,3922.0,82.0,89.0,104.0,84.0,91.0,106.0,85.0,93.0,108.0,86.0,93.0,109.0,88.0,96.0,112.0,87.0,95.0,110.0,83.0,91.0,106.0,61.0,66.0,77.0,62.0,67.0,78.0,64.0,70.0,81.0,69.0,75.0,88.0,70.0,80.0,93.0,76.0,82.0,96.0,68.0,74.0,86.0,591.0,651.0,784.0,612.0,674.0,812.0,617.0,679.0,819.0,631.0,694.0,837.0,718.0,791.0,953.0,684.0,753.0,907.0,539.0,593.0,715.0,703.0,778.0,930.0,752.0,831.0,995.0,755.0,835.0,998.0,896.0,991.0,1185.0,1019.0,1127.0,1348.0,1116.0,1234.0,1476.0,894.0,989.0,1183.0,48.0,54.0,66.0,50.0,56.0,69.0,51.0,57.0,71.0,53.0,59.0,73.0,56.0,62.0,77.0,65.0,72.0,89.0,83.0,92.0,114.0,51.0,56.0,68.0,53.0,58.0,71.0,55.0,61.0,74.0,60.0,67.0,80.0,66.0,74.0,89.0,86.0,95.0,115.0,103.0,114.0,138.0
2.5,4.0,4.0,4.0,1.5,1.5,1.5,4.0,10.0,10.0,10.0,7.3,7.3,7.3,68.5,68.5,68.5,25.7,5.2,5.2,5.2,2.6,2.6,2.6,6.6,6.6,6.6,4.9,4.9,4.9,4.8,4.7,4.6,4.7,4.6,4.4,4.7,4.7,4.5,4.7,4.6,4.5,4.6,4.6,4.4,4.0,3.9,3.8,3.1,3.0,2.9,5.3,5.3,5.2,5.2,5.1,5.1,5.1,5.1,5.0,5.0,5.0,4.9,4.7,4.7,4.6,3.8,3.7,3.7,3.1,3.1,3.0,4225.0,4159.0,3999.0,4117.0,4053.0,3897.0,4148.0,4084.0,3927.0,4129.0,4065.0,3909.0,4063.0,4000.0,3846.0,3488.0,3434.0,3302.0,2695.0,2653.0,2551.0,4654.0,4623.0,4546.0,4540.0,4510.0,4435.0,4460.0,4430.0,4356.0,4399.0,4370.0,4297.0,4145.0,4117.0,4049.0,3305.0,3283.0,3229.0,2717.0,2699.0,2654.0,2280.0,2528.0,3091.0,2307.0,2558.0,3127.0,2399.0,2660.0,3252.0,2491.0,2763.0,3377.0,2614.0,2899.0,3544.0,2596.0,2878.0,3519.0,2619.0,2904.0,3550.0,3304.0,3684.0,4466.0,3364.0,3751.0,4547.0,3438.0,3833.0,4647.0,3681.0,4104.0,4975.0,3838.0,4279.0,5188.0,3941.0,4394.0,5326.0,3987.0,4445.0,5388.0,159.0,176.0,215.0,161.0,178.0,218.0,167.0,185.0,226.0,173.0,192.0,235.0,182.0,202.0,247.0,181.0,200.0,245.0,182.0,202.0,247.0,230.0,256.0,311.0,234.0,261.0,316.0,239.0,267.0,323.0,256.0,286.0,346.0,267.0,298.0,361.0,274.0,306.0,371.0,277.0,309.0,375.0,1555.0,1724.0,2108.0,1560.0,1729.0,2114.0,1641.0,1819.0,2224.0,1713.0,1900.0,2322.0,1743.0,1933.0,2363.0,1760.0,1951.0,2385.0,1920.0,2129.0,2603.0,2398.0,2674.0,3241.0,2407.0,2684.0,3254.0,2474.0,2758.0,3343.0,2564.0,2859.0,3465.0,2591.0,2889.0,3502.0,2594.0,2892.0,3506.0,2850.0,3177.0,3852.0,80.0,87.0,103.0,82.0,89.0,105.0,83.0,91.0,107.0,84.0,92.0,108.0,86.0,94.0,111.0,85.0,93.0,109.0,81.0,89.0,104.0,60.0,65.0,76.0,60.0,66.0,77.0,63.0,68.0,80.0,68.0,74.0,87.0,69.0,79.0,92.0,74.0,81.0,95.0,67.0,73.0,85.0,567.0,628.0,768.0,587.0,651.0,796.0,592.0,656.0,802.0,605.0,671.0,820.0,689.0,764.0,934.0,655.0,727.0,888.0,516.0,573.0,700.0,676.0,754.0,913.0,723.0,806.0,977.0,725.0,809.0,980.0,861.0,960.0,1164.0,980.0,1092.0,1324.0,1072.0,1196.0,1449.0,860.0,958.0,1162.0,46.0,52.0,65.0,48.0,54.0,68.0,49.0,55.0,69.0,51.0,57.0,71.0,54.0,60.0,76.0,62.0,70.0,87.0,79.0,89.0,112.0,49.0,54.0,67.0,51.0,57.0,69.0,53.0,59.0,73.0,58.0,65.0,79.0,64.0,72.0,88.0,83.0,92.0,113.0,99.0,111.0,135.0
2.5,4.0,4.0,4.0,1.5,1.5,1.5,4.0,10.0,10.0,10.0,7.3,7.3,7.3,68.5,68.5,68.5,25.7,5.2,5.2,5.2,2.6,2.6,2.6,6.6,6.6,6.6,4.9,4.9,4.9,4.8,4.8,4.6,4.7,4.6,4.5,4.8,4.7,4.5,4.7,4.7,4.5,4.7,4.6,4.4,4.0,3.9,3.8,3.1,3.0,2.9,5.3,5.3,5.2,5.2,5.2,5.1,5.1,5.1,5.0,5.0,5.0,4.9,4.7,4.7,4.6,3.8,3.8,3.7,3.1,3.1,3.0,4241.0,4173.0,4006.0,4133.0,4066.0,3904.0,4164.0,4097.0,3933.0,4145.0,4078.0,3915.0,4078.0,4012.0,3852.0,3501.0,3445.0,3307.0,2705.0,2661.0,2555.0,4662.0,4629.0,4549.0,4548.0,4516.0,4438.0,4467.0,4436.0,4359.0,4407.0,4376.0,4300.0,4152.0,4123.0,4051.0,3311.0,3288.0,3231.0,2721.0,2702.0,2656.0,2188.0,2444.0,3030.0,2214.0,2473.0,3066.0,2303.0,2571.0,3188.0,2391.0,2670.0,3311.0,2509.0,2802.0,3474.0,2491.0,2782.0,3449.0,2514.0,2807.0,3480.0,3179.0,3573.0,4388.0,3237.0,3638.0,4468.0,3308.0,3718.0,4566.0,3542.0,3980.0,4889.0,3693.0,4150.0,5098.0,3792.0,4261.0,5234.0,3836.0,4311.0,5295.0,152.0,170.0,211.0,154.0,172.0,213.0,160.0,179.0,222.0,166.0,186.0,230.0,175.0,195.0,242.0,173.0,194.0,240.0,175.0,195.0,242.0,221.0,249.0,305.0,225.0,253.0,311.0,230.0,259.0,318.0,247.0,277.0,340.0,257.0,289.0,355.0,264.0,297.0,364.0,267.0,300.0,369.0,1492.0,1666.0,2066.0,1497.0,1671.0,2073.0,1575.0,1758.0,2180.0,1644.0,1836.0,2277.0,1673.0,1868.0,2317.0,1689.0,1886.0,2338.0,1843.0,2058.0,2552.0,2308.0,2593.0,3185.0,2316.0,2603.0,3197.0,2380.0,2675.0,3285.0,2467.0,2772.0,3405.0,2494.0,2802.0,3442.0,2496.0,2805.0,3446.0,2742.0,3082.0,3785.0,78.0,86.0,102.0,80.0,88.0,104.0,81.0,89.0,106.0,82.0,90.0,107.0,84.0,92.0,110.0,83.0,91.0,108.0,79.0,87.0,103.0,58.0,64.0,76.0,59.0,65.0,76.0,61.0,67.0,80.0,66.0,73.0,86.0,67.0,77.0,92.0,72.0,79.0,94.0,65.0,72.0,85.0,544.0,607.0,753.0,563.0,629.0,780.0,568.0,634.0,786.0,580.0,648.0,804.0,661.0,738.0,915.0,629.0,702.0,871.0,496.0,553.0,686.0,650.0,731.0,898.0,695.0,781.0,960.0,698.0,784.0,963.0,828.0,931.0,1143.0,943.0,1059.0,1301.0,1032.0,1160.0,1424.0,827.0,929.0,1142.0,45.0,50.0,64.0,46.0,52.0,66.0,48.0,54.0,68.0,49.0,55.0,70.0,52.0,58.0,74.0,60.0,67.0,86.0,77.0,86.0,110.0,47.0,53.0,66.0,49.0,55.0,68.0,51.0,58.0,71.0,56.0,63.0,78.0,61.0,70.0,86.0,80.0,90.0,111.0,96.0,107.0,133.0
2.5,4.0,4.0,4.0,1.5,1.5,1.5,4.0,10.0,10.0,10.0,7.3,7.3,7.3,68.5,68.5,68.5,25.7,5.2,5.2,5.2,2.6,2.6,2.6,6.6,6.6,6.6,4.9,4.9,4.9,4.9,4.8,4.6,4.7,4.7,4.5,4.8,4.7,4.5,4.7,4.7,4.5,4.7,4.6,4.4,4.0,3.9,3.8,3.1,3.0,2.9,5.3,5.3,5.2,5.2,5.2,5.1,5.1,5.1,5.0,5.0,5.0,4.9,4.7,4.7,4.6,3.8,3.8,3.7,3.1,3.1,3.0,4255.0,4184.0,4011.0,4147.0,4078.0,3909.0,4178.0,4108.0,3938.0,4159.0,4090.0,3920.0,4092.0,4024.0,3857.0,3513.0,3454.0,3312.0,2714.0,2669.0,2558.0,4669.0,4635.0,4552.0,4554.0,4522.0,4440.0,4474.0,4441.0,4362.0,4413.0,4381.0,4303.0,4158.0,4128.0,4054.0,3316.0,3292.0,3233.0,2725.0,2706.0,2657.0,2101.0,2363.0,2972.0,2126.0,2391.0,3008.0,2211.0,2487.0,3128.0,2296.0,2582.0,3248.0,2409.0,2710.0,3408.0,2392.0,2690.0,3384.0,2414.0,2715.0,3414.0,3061.0,3468.0,4315.0,3117.0,3531.0,4393.0,3185.0,3609.0,4490.0,3411.0,3864.0,4807.0,3556.0,4029.0,5012.0,3651.0,4136.0,5146.0,3694.0,4184.0,5206.0,146.0,164.0,207.0,148.0,166.0,209.0,154.0,173.0,218.0,160.0,180.0,226.0,168.0,189.0,237.0,166.0,187.0,235.0,168.0,189.0,238.0,213.0,241.0,300.0,217.0,246.0,306.0,222.0,251.0,312.0,237.0,269.0,335.0,247.0,280.0,349.0,254.0,288.0,358.0,257.0,291.0,362.0,1433.0,1612.0,2027.0,1437.0,1616.0,2033.0,1512.0,1701.0,2139.0,1579.0,1776.0,2233.0,1607.0,1807.0,2273.0,1622.0,1824.0,2294.0,1770.0,1990.0,2503.0,2222.0,2517.0,3132.0,2230.0,2527.0,3144.0,2292.0,2596.0,3230.0,2376.0,2691.0,3348.0,2401.0,2720.0,3384.0,2404.0,2723.0,3388.0,2640.0,2991.0,3722.0,77.0,84.0,101.0,78.0,86.0,103.0,80.0,88.0,105.0,80.0,89.0,106.0,83.0,91.0,109.0,81.0,90.0,107.0,78.0,86.0,102.0,57.0,63.0,75.0,58.0,64.0,76.0,60.0,66.0,79.0,65.0,72.0,85.0,66.0,76.0,91.0,71.0,78.0,93.0,64.0,71.0,84.0,522.0,587.0,739.0,541.0,608.0,765.0,545.0,613.0,771.0,557.0,627.0,788.0,635.0,714.0,898.0,604.0,679.0,854.0,476.0,535.0,673.0,626.0,709.0,883.0,669.0,758.0,944.0,672.0,761.0,947.0,798.0,904.0,1124.0,908.0,1028.0,1279.0,994.0,1126.0,1400.0,796.0,902.0,1122.0,43.0,49.0,63.0,45.0,51.0,65.0,46.0,52.0,67.0,47.0,54.0,69.0,50.0,57.0,73.0,58.0,65.0,84.0,74.0,84.0,108.0,46.0,52.0,65.0,47.0,54.0,67.0,50.0,56.0,70.0,54.0,61.0,77.0,59.0,68.0,85.0,77.0,87.0,110.0,92.0,105.0,131.0
2.5,4.0,4.0,4.0,1.5,1.5,1.5,4.0,10.0,10.0,10.0,7.3,7.3,7.3,68.5,68.5,68.5,25.7,5.2,5.2,5.2,2.6,2.6,2.6,6.6,6.6,6.6,4.9,4.9,4.9,4.9,4.8,4.6,4.7,4.7,4.5,47.8,47.0,45.0,4.8,4.7,4.5,4.7,4.6,4.4,4.0,4.0,3.8,3.1,3.1,2.9,5.3,5.3,5.2,5.2,5.2,5.1,5.1,5.1,5.0,5.0,5.0,4.9,4.8,4.7,4.6,37.9,37.6,36.9,3.1,3.1,3.0,4269.0,4195.0,4017.0,4160.0,4088.0,3914.0,4191.0,4119.0,3944.0,4172.0,4100.0,3926.0,4105.0,4034.0,3862.0,3524.0,3464.0,3316.0,2722.0,2676.0,2562.0,4675.0,4640.0,4554.0,4561.0,4527.0,4443.0,4480.0,4447.0,4364.0,4419.0,4386.0,4305.0,4164.0,4133.0,4056.0,3320.0,3296.0,3235.0,2729.0,2709.0,2659.0,2019.0,2287.0,2917.0,2043.0,2314.0,2952.0,2124.0,2406.0,3069.0,2206.0,2499.0,3187.0,2315.0,2622.0,3345.0,2298.0,2603.0,3321.0,2319.0,2627.0,3351.0,2949.0,3368.0,4245.0,3003.0,3429.0,4322.0,3069.0,3505.0,4417.0,3285.0,3752.0,4729.0,3426.0,3912.0,4931.0,3517.0,4017.0,5063.0,3558.0,4064.0,5122.0,141.0,159.0,203.0,142.0,161.0,205.0,148.0,167.0,214.0,154.0,174.0,222.0,161.0,182.0,233.0,160.0,181.0,231.0,161.0,183.0,233.0,205.0,234.0,295.0,209.0,239.0,301.0,214.0,244.0,307.0,229.0,261.0,329.0,238.0,272.0,343.0,245.0,280.0,352.0,248.0,283.0,356.0,1377.0,1559.0,1989.0,1381.0,1564.0,1995.0,1453.0,1646.0,2099.0,1517.0,1718.0,2192.0,1544.0,1749.0,2231.0,1558.0,1765.0,2251.0,1700.0,1926.0,2457.0,2141.0,2445.0,3081.0,2149.0,2454.0,3093.0,2208.0,2521.0,3178.0,2288.0,2614.0,3294.0,2313.0,2641.0,3329.0,2315.0,2644.0,3333.0,2544.0,2905.0,3661.0,75.0,83.0,100.0,77.0,85.0,102.0,78.0,86.0,104.0,79.0,87.0,105.0,81.0,90.0,108.0,80.0,88.0,106.0,76.0,84.0,101.0,56.0,62.0,74.0,57.0,63.0,75.0,59.0,65.0,78.0,64.0,71.0,85.0,65.0,75.0,90.0,70.0,77.0,92.0,63.0,70.0,83.0,502.0,568.0,725.0,520.0,589.0,751.0,524.0,593.0,757.0,535.0,606.0,774.0,610.0,691.0,881.0,580.0,657.0,839.0,457.0,518.0,661.0,603.0,689.0,868.0,645.0,737.0,928.0,647.0,739.0,932.0,768.0,878.0,1106.0,874.0,999.0,1259.0,957.0,1093.0,1378.0,767.0,876.0,1104.0,42.0,47.0,62.0,43.0,49.0,64.0,44.0,51.0,66.0,46.0,52.0,68.0,48.0,55.0,72.0,56.0,64.0,83.0,71.0,81.0,106.0,44.0,50.0,64.0,46.0,52.0,66.0,48.0,55.0,69.0,52.0,59.0,75.0,57.0,66.0,84.0,75.0,85.0,108.0,89.0,102.0,129.0
2.5,4.0,4.0,4.0,1.5,1.5,1.5,4.0,10.0,10.0,10.0,7.3,7.3,7.3,68.5,68.5,68.5,25.7,5.2,5.2,5.2,2.6,2.6,2.6,6.6,6.6,6.6,4.9,4.9,4.9,4.9,4.8,4.6,4.8,4.7,4.5,4.8,4.7,4.5,4.8,4.7,4.5,4.7,4.6,4.4,4.0,4.0,3.8,3.1,3.1,2.9,5.3,5.3,5.2,5.2,5.2,5.1,5.1,5.1,5.0,5.1,5.0,4.9,4.8,4.7,4.6,3.8,3.8,3.7,3.1,3.1,3.0,4281.0,4205.0,4022.0,4172.0,4098.0,3919.0,4203.0,4129.0,3948.0,4184.0,4110.0,3930.0,4117.0,4044.0,3867.0,3534.0,3472.0,3320.0,2730.0,2682.0,2565.0,4681.0,4645.0,4557.0,4567.0,4532.0,4445.0,4486.0,4451.0,4367.0,4425.0,4391.0,4307.0,4169.0,4137.0,4058.0,3325.0,3299.0,3236.0,2733.0,2712.0,2660.0,1974.0,2247.0,2890.0,1997.0,2273.0,2924.0,2077.0,2364.0,3041.0,2156.0,2455.0,3158.0,2263.0,2576.0,3314.0,2247.0,2557.0,3290.0,2267.0,2580.0,3320.0,2888.0,3314.0,4211.0,2940.0,3375.0,4287.0,3005.0,3449.0,4382.0,3217.0,3693.0,4691.0,3355.0,3850.0,4892.0,3444.0,3953.0,5022.0,3485.0,3999.0,5081.0,137.0,156.0,201.0,139.0,158.0,204.0,145.0,165.0,212.0,150.0,171.0,220.0,157.0,179.0,231.0,156.0,178.0,229.0,158.0,180.0,231.0,201.0,231.0,293.0,205.0,235.0,298.0,209.0,240.0,305.0,224.0,257.0,326.0,233.0,268.0,340.0,240.0,275.0,350.0,243.0,278.0,354.0,1346.0,1532.0,1971.0,1350.0,1537.0,1977.0,1420.0,1617.0,2080.0,1483.0,1688.0,2172.0,1509.0,1718.0,2210.0,1523.0,1734.0,2230.0,1662.0,1892.0,2434.0,2096.0,2406.0,3056.0,2104.0,2415.0,3068.0,2162.0,2481.0,3152.0,2241.0,2572.0,3268.0,2265.0,2600.0,3303.0,2267.0,2602.0,3306.0,2491.0,2859.0,3632.0,74.0,82.0,99.0,75.0,84.0,101.0,77.0,85.0,103.0,77.0,86.0,104.0,79.0,88.0,107.0,78.0,87.0,105.0,75.0,83.0,101.0,55.0,61.0,74.0,56.0,62.0,75.0,58.0,64.0,78.0,63.0,70.0,84.0,64.0,74.0,89.0,69.0,76.0,92.0,62.0,69.0,83.0,490.0,558.0,718.0,508.0,578.0,744.0,512.0,583.0,750.0,523.0,596.0,767.0,596.0,679.0,873.0,567.0,646.0,831.0,447.0,509.0,655.0,591.0,678.0,861.0,632.0,725.0,921.0,634.0,728.0,924.0,752.0,864.0,1097.0,856.0,983.0,1249.0,937.0,1076.0,1367.0,751.0,862.0,1095.0,41.0,47.0,61.0,42.0,49.0,64.0,43.0,50.0,65.0,45.0,51.0,67.0,47.0,54.0,71.0,54.0,62.0,82.0,70.0,80.0,105.0,43.0,49.0,63.0,45.0,51.0,66.0,47.0,54.0,69.0,51.0,59.0,75.0,56.0,65.0,83.0,73.0,84.0,107.0,87.0,100.0,128.0
2.5,4.0,4.0,4.0,1.5,1.5,1.5,4.0,10.0,10.0,10.0,7.3,7.3,7.3,68.5,68.5,68.5,25.7,5.2,5.2,5.2,2.6,2.6,2.6,6.6,6.6,6.6,4.9,4.9,4.9,4.9,4.8,4.6,4.8,4.7,4.5,4.8,4.7,4.5,4.8,4.7,4.5,4.7,4.6,4.4,4.0,4.0,3.8,3.1,3.1,2.9,5.3,5.3,5.2,5.2,5.2,5.1,5.1,5.1,5.0,5.1,5.0,4.9,4.8,4.7,4.6,3.8,3.8,3.7,3.1,3.1,3.0,4293.0,4215.0,4026.0,4183.0,4107.0,3923.0,4214.0,4138.0,3953.0,4195.0,4119.0,3935.0,4128.0,4053.0,3871.0,3544.0,3480.0,3324.0,2738.0,2688.0,2568.0,4687.0,4650.0,4559.0,4572.0,4536.0,4447.0,4491.0,4456.0,4369.0,4430.0,4395.0,4310.0,4174.0,4141.0,4060.0,3329.0,3303.0,3238.0,2736.0,2714.0,2661.0,1931.0,2209.0,2865.0,1954.0,2235.0,2899.0,2032.0,2324.0,3015.0,2110.0,2414.0,3130.0,2214.0,2533.0,3285.0,2199.0,2515.0,3262.0,2218.0,2537.0,3291.0,2831.0,3265.0,4179.0,2882.0,3324.0,4255.0,2946.0,3397.0,4349.0,3154.0,3637.0,4656.0,3289.0,3792.0,4855.0,3377.0,3894.0,4985.0,3416.0,3939.0,5043.0,134.0,154.0,199.0,136.0,156.0,202.0,141.0,162.0,210.0,147.0,168.0,218.0,154.0,176.0,229.0,153.0,175.0,227.0,154.0,177.0,229.0,197.0,227.0,291.0,201.0,231.0,296.0,205.0,236.0,303.0,219.0,253.0,324.0,229.0,264.0,338.0,235.0,271.0,347.0,238.0,274.0,351.0,1317.0,1506.0,1954.0,1321.0,1511.0,1960.0,1390.0,1590.0,2062.0,1451.0,1660.0,2153.0,1477.0,1689.0,2191.0,1490.0,1705.0,2211.0,1627.0,1860.0,2413.0,2055.0,2370.0,3034.0,2063.0,2379.0,3045.0,2119.0,2444.0,3129.0,2197.0,2533.0,3243.0,2220.0,2560.0,3278.0,2223.0,2563.0,3282.0,2442.0,2816.0,3605.0,72.0,81.0,98.0,74.0,82.0,100.0,75.0,84.0,102.0,76.0,85.0,103.0,78.0,87.0,106.0,77.0,86.0,104.0,74.0,82.0,100.0,54.0,60.0,73.0,55.0,61.0,74.0,57.0,64.0,77.0,62.0,69.0,84.0,63.0,73.0,89.0,67.0,75.0,91.0,61.0,68.0,82.0,480.0,549.0,712.0,497.0,569.0,738.0,501.0,573.0,743.0,512.0,586.0,760.0,583.0,667.0,866.0,555.0,635.0,824.0,437.0,500.0,649.0,579.0,668.0,855.0,619.0,714.0,914.0,621.0,717.0,917.0,738.0,851.0,1089.0,839.0,968.0,1239.0,919.0,1060.0,1357.0,736.0,849.0,1087.0,40.0,46.0,61.0,41.0,48.0,63.0,42.0,49.0,65.0,44.0,50.0,67.0,46.0,53.0,70.0,53.0,61.0,81.0,68.0,78.0,104.0,42.0,49.0,63.0,44.0,51.0,65.0,46.0,53.0,68.0,50.0,58.0,74.0,55.0,64.0,83.0,72.0,83.0,106.0,86.0,99.0,127.0
2.5,4.0,4.0,4.0,1.5,1.5,1.5,4.0,10.0,10.0,10.0,7.3,7.3,7.3,68.5,68.5,68.5,25.7,5.2,5.2,5.2,2.6,2.6,2.6,6.6,6.6,6.6,4.9,4.9,4.9,4.9,4.8,4.6,4.8,4.7,4.5,4.8,4.7,4.5,4.8,4.7,4.5,4.7,4.6,4.4,4.1,4.0,3.8,3.1,3.1,2.9,5.4,5.3,5.2,5.2,5.2,5.1,5.1,5.1,5.0,5.1,5.0,4.9,4.8,4.7,4.6,3.8,3.8,3.7,3.1,3.1,3.0,4303.0,4224.0,4030.0,4194.0,4116.0,3927.0,4225.0,4147.0,3957.0,4206.0,4128.0,3939.0,4138.0,4061.0,3875.0,3553.0,3487.0,3327.0,2745.0,2694.0,2570.0,4692.0,4654.0,4561.0,4577.0,4540.0,4450.0,4496.0,4460.0,4371.0,4435.0,4399.0,4312.0,4179.0,4145.0,4062.0,3332.0,3306.0,3239.0,2739.0,2717.0,2663.0,1892.0,2174.0,2842.0,1914.0,2200.0,2875.0,1991.0,2287.0,2990.0,2067.0,2375.0,3105.0,2169.0,2492.0,3258.0,2154.0,2475.0,3235.0,2173.0,2497.0,3264.0,2778.0,3218.0,4150.0,2828.0,3276.0,4226.0,2890.0,3349.0,4319.0,3095.0,3585.0,4624.0,3227.0,3738.0,4821.0,3313.0,3838.0,4950.0,3352.0,3883.0,5008.0,132.0,151.0,198.0,133.0,153.0,200.0,139.0,159.0,208.0,144.0,165.0,216.0,151.0,173.0,227.0,150.0,172.0,225.0,151.0,174.0,227.0,193.0,224.0,289.0,197.0,228.0,294.0,201.0,233.0,301.0,215.0,250.0,322.0,225.0,260.0,336.0,231.0,267.0,344.0,233.0,270.0,349.0,1290.0,1482.0,1938.0,1294.0,1487.0,1944.0,1361.0,1564.0,2045.0,1421.0,1633.0,2135.0,1446.0,1662.0,2173.0,1460.0,1678.0,2193.0,1593.0,1831.0,2393.0,2016.0,2336.0,3012.0,2024.0,2345.0,3024.0,2080.0,2409.0,3107.0,2156.0,2497.0,3221.0,2179.0,2524.0,3255.0,2181.0,2527.0,3259.0,2396.0,2776.0,3580.0,71.0,80.0,98.0,73.0,81.0,100.0,74.0,83.0,101.0,75.0,84.0,102.0,77.0,86.0,105.0,76.0,85.0,104.0,72.0,81.0,99.0,53.0,60.0,73.0,54.0,60.0,74.0,56.0,63.0,77.0,61.0,68.0,83.0,62.0,72.0,88.0,66.0,74.0,91.0,60.0,67.0,82.0,470.0,540.0,706.0,487.0,560.0,732.0,491.0,564.0,737.0,502.0,577.0,754.0,571.0,657.0,858.0,544.0,625.0,817.0,428.0,492.0,644.0,568.0,658.0,849.0,607.0,704.0,908.0,610.0,706.0,911.0,724.0,838.0,1081.0,824.0,954.0,1231.0,902.0,1044.0,1347.0,723.0,837.0,1080.0,39.0,45.0,60.0,40.0,47.0,63.0,41.0,48.0,64.0,43.0,49.0,66.0,45.0,52.0,70.0,52.0,60.0,80.0,67.0,77.0,103.0,41.0,48.0,62.0,43.0,50.0,65.0,45.0,52.0,68.0,49.0,57.0,74.0,54.0,63.0,82.0,70.0,81.0,105.0,84.0,97.0,126.0
2.5,4.0,4.0,4.0,1.5,1.5,1.5,4.0,10.0,10.0,10.0,7.3,7.3,7.3,68.5,68.5,68.5,25.7,5.2,5.2,5.2,2.6,2.6,2.6,6.6,6.6,6.6,4.9,4.9,4.9,4.9,4.8,4.6,4.8,4.7,4.5,4.8,4.7,4.5,4.8,4.7,4.5,4.7,4.6,4.4,4.1,4.0,3.8,3.1,3.1,2.9,5.4,5.3,5.2,5.2,5.2,5.1,5.1,5.1,5.0,5.1,5.0,4.9,4.8,4.7,4.6,3.8,3.8,3.7,3.1,3.1,3.0,4314.0,4232.0,4034.0,4204.0,4124.0,3931.0,4235.0,4155.0,3961.0,4216.0,4136.0,3943.0,4148.0,4069.0,3879.0,3561.0,3494.0,3330.0,2751.0,2699.0,2573.0,4697.0,4658.0,4563.0,4582.0,4544.0,4451.0,4501.0,4464.0,4373.0,4440.0,4403.0,4313.0,4183.0,4149.0,4064.0,3336.0,3308.0,3241.0,2742.0,2719.0,2664.0,1855.0,2141.0,2820.0,1877.0,2166.0,2853.0,1951.0,2253.0,2967.0,2026.0,2339.0,3081.0,2126.0,2455.0,3233.0,2111.0,2437.0,3210.0,2130.0,2459.0,3239.0,2728.0,3174.0,4123.0,2777.0,3232.0,4197.0,2838.0,3303.0,4290.0,3039.0,3536.0,4593.0,3169.0,3687.0,4789.0,3253.0,3786.0,4917.0,3291.0,3830.0,4974.0,129.0,149.0,196.0,131.0,151.0,199.0,136.0,157.0,206.0,141.0,163.0,214.0,148.0,171.0,225.0,147.0,170.0,223.0,148.0,171.0,225.0,190.0,221.0,287.0,193.0,225.0,292.0,198.0,230.0,299.0,211.0,246.0,320.0,221.0,257.0,333.0,226.0,263.0,342.0,229.0,267.0,346.0,1265.0,1460.0,1923.0,1269.0,1464.0,1929.0,1335.0,1541.0,2029.0,1394.0,1609.0,2119.0,1418.0,1637.0,2156.0,1431.0,1652.0,2176.0,1562.0,1803.0,2375.0,1980.0,2304.0,2992.0,1987.0,2313.0,3004.0,2042.0,2376.0,3086.0,2117.0,2463.0,3199.0,2139.0,2490.0,3233.0,2142.0,2492.0,3237.0,2353.0,2738.0,3556.0,70.0,79.0,97.0,72.0,80.0,99.0,73.0,82.0,101.0,74.0,82.0,102.0,76.0,85.0,104.0,75.0,84.0,103.0,71.0,80.0,98.0,53.0,59.0,72.0,53.0,60.0,73.0,55.0,62.0,76.0,60.0,67.0,83.0,61.0,71.0,88.0,65.0,73.0,90.0,59.0,66.0,81.0,461.0,532.0,701.0,477.0,551.0,726.0,481.0,555.0,731.0,492.0,568.0,748.0,560.0,647.0,852.0,533.0,615.0,811.0,420.0,485.0,639.0,558.0,649.0,843.0,597.0,694.0,902.0,599.0,697.0,905.0,711.0,827.0,1074.0,809.0,941.0,1222.0,885.0,1030.0,1338.0,710.0,826.0,1072.0,38.0,44.0,59.0,40.0,46.0,62.0,41.0,47.0,63.0,42.0,49.0,65.0,44.0,51.0,69.0,51.0,59.0,80.0,65.0,76.0,102.0,41.0,47.0,62.0,42.0,49.0,64.0,44.0,51.0,67.0,48.0,56.0,73.0,53.0,62.0,81.0,69.0,80.0,105.0,82.0,96.0,125.0
2.5,4.0,4.0,4.0,1.5,1.5,1.5,4.0,10.0,10.0,10.0,7.3,7.3,7.3,68.5,68.5,68.5,25.7,5.2,5.2,5.2,2.6,2.6,2.6,6.6,6.6,6.6,4.9,4.9,4.9,4.9,4.8,4.6,4.8,4.7,4.5,4.8,4.8,4.5,4.8,4.7,4.5,4.7,4.7,4.4,4.1,4.0,3.8,3.1,3.1,2.9,5.4,5.3,5.2,5.2,5.2,5.1,5.1,5.1,5.0,5.1,5.0,4.9,4.8,4.7,4.6,3.8,3.8,3.7,3.1,3.1,3.0,4323.0,4240.0,4038.0,4213.0,4132.0,3935.0,4244.0,4163.0,3964.0,4225.0,4144.0,3946.0,4157.0,4077.0,3883.0,3569.0,3500.0,3334.0,2757.0,2704.0,2575.0,4701.0,4662.0,4565.0,4586.0,4548.0,4453.0,4505.0,4467.0,4374.0,4444.0,4407.0,4315.0,4187.0,4152.0,4066.0,3339.0,3311.0,3242.0,2744.0,2722.0,2665.0,1820.0,2110.0,2799.0,1841.0,2135.0,2832.0,1915.0,2220.0,2945.0,1988.0,2305.0,3058.0,2086.0,2419.0,3209.0,2071.0,2402.0,3186.0,2090.0,2423.0,3215.0,2681.0,3133.0,4097.0,2729.0,3190.0,4171.0,2789.0,3260.0,4263.0,2986.0,3490.0,4564.0,3114.0,3640.0,4759.0,3197.0,3737.0,4886.0,3234.0,3780.0,4943.0,127.0,147.0,195.0,128.0,149.0,197.0,133.0,154.0,205.0,138.0,160.0,213.0,145.0,168.0,223.0,144.0,167.0,222.0,145.0,169.0,224.0,187.0,218.0,285.0,190.0,222.0,290.0,194.0,227.0,297.0,208.0,243.0,318.0,217.0,253.0,331.0,223.0,260.0,340.0,225.0,263.0,344.0,1241.0,1439.0,1909.0,1245.0,1443.0,1914.0,1309.0,1518.0,2014.0,1367.0,1585.0,2103.0,1391.0,1613.0,2140.0,1404.0,1628.0,2160.0,1533.0,1777.0,2357.0,1946.0,2274.0,2974.0,1953.0,2283.0,2985.0,2007.0,2345.0,3067.0,2080.0,2431.0,3179.0,2102.0,2457.0,3213.0,2105.0,2460.0,3216.0,2312.0,2702.0,3533.0,69.0,78.0,96.0,70.0,79.0,98.0,72.0,81.0,100.0,72.0,81.0,101.0,74.0,84.0,104.0,73.0,83.0,102.0,70.0,79.0,98.0,52.0,58.0,72.0,53.0,59.0,73.0,55.0,61.0,76.0,59.0,66.0,82.0,60.0,71.0,87.0,64.0,72.0,89.0,58.0,65.0,81.0,452.0,524.0,696.0,468.0,543.0,721.0,472.0,547.0,726.0,483.0,560.0,742.0,550.0,637.0,846.0,523.0,606.0,805.0,412.0,478.0,634.0,548.0,641.0,838.0,586.0,685.0,896.0,588.0,688.0,899.0,698.0,816.0,1067.0,795.0,929.0,1215.0,870.0,1017.0,1330.0,697.0,815.0,1066.0,37.0,44.0,59.0,39.0,45.0,61.0,40.0,46.0,63.0,41.0,48.0,65.0,43.0,51.0,69.0,50.0,58.0,79.0,64.0,75.0,101.0,40.0,47.0,61.0,42.0,49.0,64.0,44.0,51.0,67.0,47.0,55.0,73.0,52.0,61.0,81.0,68.0,79.0,104.0,81.0,94.0,124.0
2.5,4.0,4.0,4.0,1.5,1.5,1.5,4.0,10.0,10.0,10.0,7.3,7.3,7.3,68.5,68.5,68.5,25.7,5.2,5.2,5.2,2.6,2.6,2.6,6.6,6.6,6.6,4.9,4.9,4.9,4.9,4.8,4.6,4.8,4.7,4.5,4.9,4.8,4.5,4.8,4.7,4.5,4.8,4.7,4.4,4.1,4.0,3.8,3.2,3.1,2.9,5.4,5.3,5.2,5.2,5.2,5.1,5.1,5.1,5.0,5.1,5.0,4.9,4.8,4.7,4.6,3.8,3.8,3.7,3.1,3.1,3.0,4332.0,4247.0,4041.0,4222.0,4139.0,3938.0,4253.0,4170.0,3968.0,4234.0,4151.0,3950.0,4166.0,4084.0,3886.0,3576.0,3506.0,3336.0,2763.0,2709.0,2578.0,4706.0,4665.0,4567.0,4591.0,4551.0,4455.0,4509.0,4471.0,4376.0,4448.0,4410.0,4317.0,4191.0,4155.0,4067.0,3342.0,3314.0,3243.0,2747.0,2724.0,2666.0,1787.0,2080.0,2779.0,1808.0,2105.0,2812.0,1880.0,2189.0,2924.0,1952.0,2273.0,3037.0,2048.0,2385.0,3186.0,2034.0,2368.0,3164.0,2052.0,2390.0,3192.0,2636.0,3094.0,4072.0,2684.0,3150.0,4146.0,2743.0,3220.0,4237.0,2937.0,3447.0,4537.0,3062.0,3594.0,4730.0,3144.0,3690.0,4857.0,3181.0,3733.0,4913.0,124.0,145.0,193.0,126.0,147.0,196.0,131.0,152.0,204.0,136.0,158.0,211.0,143.0,166.0,222.0,142.0,165.0,220.0,143.0,166.0,222.0,183.0,215.0,283.0,187.0,219.0,289.0,191.0,224.0,295.0,204.0,240.0,316.0,213.0,250.0,329.0,219.0,257.0,338.0,221.0,260.0,342.0,1218.0,1419.0,1895.0,1222.0,1423.0,1901.0,1286.0,1497.0,2000.0,1342.0,1563.0,2088.0,1366.0,1591.0,2125.0,1379.0,1605.0,2145.0,1505.0,1752.0,2341.0,1913.0,2246.0,2956.0,1921.0,2254.0,2967.0,1973.0,2316.0,3049.0,2046.0,2401.0,3160.0,2067.0,2427.0,3194.0,2070.0,2429.0,3197.0,2274.0,2669.0,3512.0,68.0,77.0,96.0,69.0,78.0,98.0,71.0,80.0,99.0,71.0,81.0,100.0,73.0,83.0,103.0,72.0,82.0,102.0,69.0,78.0,97.0,51.0,58.0,72.0,52.0,58.0,72.0,54.0,61.0,75.0,58.0,66.0,82.0,59.0,70.0,87.0,64.0,72.0,89.0,57.0,65.0,80.0,444.0,517.0,691.0,460.0,536.0,716.0,463.0,540.0,721.0,474.0,552.0,737.0,540.0,628.0,840.0,514.0,598.0,799.0,405.0,471.0,629.0,539.0,633.0,833.0,576.0,677.0,891.0,579.0,679.0,894.0,687.0,806.0,1061.0,782.0,917.0,1207.0,856.0,1004.0,1322.0,686.0,805.0,1059.0,37.0,43.0,59.0,38.0,45.0,61.0,39.0,46.0,62.0,40.0,47.0,64.0,43.0,50.0,68.0,49.0,58.0,79.0,63.0,74.0,101.0,39.0,46.0,61.0,41.0,48.0,63.0,43.0,50.0,66.0,47.0,55.0,72.0,51.0,61.0,80.0,67.0,78.0,103.0,80.0,93.0,124.0
2.5,4.0,4.0,4.0,1.5,1.5,1.5,4.0,10.0,10.0,10.0,7.3,7.3,7.3,68.5,68.5,68.5,25.7,5.2,5.2,5.2,2.6,2.6,2.6,6.6,6.6,6.6,4.9,4.9,4.9,5.0,4.9,4.6,4.8,4.7,4.5,4.9,4.8,4.5,4.8,4.7,4.5,4.8,4.7,4.4,4.1,4.0,3.8,3.2,3.1,2.9,5.4,5.3,5.2,5.2,5.2,5.1,5.2,5.1,5.0,5.1,5.0,4.9,4.8,4.7,4.6,3.8,3.8,3.7,3.1,3.1,3.0,4341.0,4254.0,4045.0,4230.0,4146.0,3942.0,4262.0,4177.0,3971.0,4242.0,4158.0,3953.0,4174.0,4091.0,3889.0,3584.0,3512.0,3339.0,2768.0,2713.0,2580.0,4710.0,4669.0,4568.0,4595.0,4555.0,4457.0,4513.0,4474.0,4378.0,4452.0,4413.0,4318.0,4195.0,4158.0,4069.0,3345.0,3316.0,3245.0,2749.0,2726.0,2667.0,1755.0,2053.0,2761.0,1776.0,2077.0,2793.0,1847.0,2160.0,2905.0,1918.0,2243.0,3016.0,2012.0,2353.0,3165.0,1998.0,2337.0,3143.0,2016.0,2358.0,3171.0,2594.0,3057.0,4049.0,2641.0,3112.0,4122.0,2699.0,3181.0,4213.0,2890.0,3406.0,4511.0,3013.0,3551.0,4703.0,3094.0,3646.0,4829.0,3130.0,3689.0,4885.0,122.0,143.0,192.0,124.0,145.0,194.0,129.0,150.0,202.0,133.0,156.0,210.0,140.0,164.0,220.0,139.0,163.0,219.0,140.0,164.0,221.0,181.0,213.0,282.0,184.0,217.0,287.0,188.0,221.0,293.0,201.0,237.0,314.0,210.0,247.0,327.0,215.0,254.0,336.0,218.0,257.0,340.0,1197.0,1400.0,1882.0,1201.0,1404.0,1888.0,1263.0,1477.0,1986.0,1319.0,1542.0,2074.0,1342.0,1569.0,2111.0,1354.0,1584.0,2130.0,1478.0,1729.0,2325.0,1883.0,2219.0,2939.0,1890.0,2227.0,2950.0,1942.0,2289.0,3031.0,2013.0,2372.0,3142.0,2034.0,2398.0,3175.0,2036.0,2400.0,3179.0,2237.0,2637.0,3492.0,67.0,76.0,95.0,68.0,78.0,97.0,70.0,79.0,99.0,70.0,80.0,100.0,72.0,82.0,103.0,71.0,81.0,101.0,68.0,77.0,97.0,51.0,57.0,71.0,51.0,58.0,72.0,53.0,60.0,75.0,58.0,65.0,81.0,58.0,69.0,86.0,63.0,71.0,89.0,57.0,64.0,80.0,436.0,510.0,686.0,452.0,528.0,711.0,455.0,532.0,716.0,465.0,544.0,732.0,530.0,620.0,834.0,505.0,590.0,794.0,398.0,465.0,625.0,531.0,625.0,828.0,567.0,669.0,885.0,569.0,671.0,889.0,676.0,797.0,1055.0,769.0,906.0,1201.0,842.0,992.0,1314.0,675.0,795.0,1053.0,36.0,42.0,58.0,37.0,44.0,61.0,38.0,45.0,62.0,40.0,47.0,64.0,42.0,49.0,68.0,48.0,57.0,78.0,62.0,72.0,100.0,39.0,45.0,61.0,40.0,47.0,63.0,42.0,49.0,66.0,46.0,54.0,72.0,50.0,60.0,80.0,66.0,77.0,103.0,78.0,92.0,123.0
2.5,4.0,4.0,4.0,1.5,1.5,1.5,4.0,10.0,10.0,10.0,7.3,7.3,7.3,68.5,68.5,68.5,25.7,5.2,5.2,5.2,2.6,2.6,2.6,6.6,6.6,6.6,4.9,4.9,4.9,5.0,4.9,4.6,4.8,4.7,4.5,4.9,4.8,4.5,4.9,4.8,4.5,4.8,4.7,4.4,4.1,4.0,3.8,3.2,3.1,2.9,5.4,5.3,5.2,5.2,5.2,5.1,5.2,5.1,5.0,5.1,5.0,4.9,4.8,4.8,4.6,3.8,3.8,3.7,3.1,3.1,3.0,4349.0,4261.0,4048.0,4238.0,4152.0,3945.0,4270.0,4183.0,3974.0,4250.0,4164.0,3956.0,4182.0,4097.0,3892.0,3590.0,3518.0,3342.0,2774.0,2717.0,2582.0,4714.0,4672.0,4570.0,4598.0,4558.0,4458.0,4517.0,4477.0,4379.0,4456.0,4417.0,4320.0,4198.0,4161.0,4070.0,3348.0,3318.0,3246.0,2752.0,2727.0,2668.0,1725.0,2026.0,2743.0,1746.0,2050.0,2775.0,1815.0,2132.0,2886.0,1885.0,2214.0,2997.0,1978.0,2323.0,3145.0,1964.0,2306.0,3122.0,1982.0,2327.0,3150.0,2553.0,3022.0,4027.0,2600.0,3077.0,4100.0,2657.0,3144.0,4190.0,2845.0,3366.0,4486.0,2966.0,3510.0,4678.0,3046.0,3604.0,4803.0,3081.0,3646.0,4859.0,120.0,141.0,191.0,121.0,143.0,193.0,126.0,148.0,201.0,131.0,154.0,209.0,138.0,162.0,219.0,137.0,161.0,217.0,138.0,162.0,219.0,178.0,210.0,280.0,181.0,214.0,285.0,185.0,219.0,292.0,198.0,234.0,312.0,206.0,244.0,326.0,212.0,251.0,334.0,214.0,254.0,338.0,1176.0,1382.0,1870.0,1180.0,1386.0,1876.0,1241.0,1458.0,1974.0,1296.0,1522.0,2061.0,1319.0,1549.0,2097.0,1331.0,1563.0,2117.0,1453.0,1706.0,2310.0,1853.0,2193.0,2923.0,1860.0,2202.0,2934.0,1912.0,2262.0,3014.0,1981.0,2345.0,3125.0,2003.0,2370.0,3158.0,2005.0,2372.0,3161.0,2202.0,2606.0,3473.0,66.0,75.0,95.0,68.0,77.0,97.0,69.0,78.0,98.0,69.0,79.0,99.0,71.0,81.0,102.0,70.0,80.0,101.0,67.0,76.0,96.0,50.0,57.0,71.0,50.0,57.0,72.0,53.0,60.0,75.0,57.0,64.0,81.0,58.0,69.0,86.0,62.0,70.0,88.0,56.0,63.0,80.0,429.0,503.0,682.0,444.0,522.0,706.0,448.0,526.0,712.0,458.0,537.0,727.0,521.0,612.0,829.0,496.0,582.0,788.0,391.0,459.0,621.0,522.0,618.0,824.0,558.0,661.0,881.0,561.0,663.0,884.0,665.0,787.0,1049.0,757.0,896.0,1194.0,829.0,981.0,1307.0,664.0,786.0,1047.0,35.0,42.0,58.0,37.0,44.0,60.0,38.0,45.0,62.0,39.0,46.0,64.0,41.0,49.0,67.0,47.0,56.0,77.0,60.0,72.0,99.0,38.0,45.0,60.0,40.0,47.0,63.0,41.0,49.0,66.0,45.0,53.0,71.0,50.0,59.0,79.0,65.0,76.0,102.0,77.0,91.0,122.0
2.5,4.0,4.0,4.0,1.5,1.5,1.5,4.0,10.0,10.0,10.0,7.3,7.3,7.3,68.5,68.5,68.5,25.7,5.2,5.2,5.2,2.6,2.6,2.6,6.6,6.6,6.6,4.9,4.9,4.9,5.0,4.9,4.6,4.8,4.7,4.5,4.9,4.8,4.5,4.9,4.8,4.5,4.8,4.7,4.4,4.1,4.0,3.8,3.2,3.1,2.9,5.4,5.3,5.2,5.3,5.2,5.1,5.2,5.1,5.0,5.1,5.0,4.9,4.8,4.8,4.6,3.8,3.8,3.7,3.1,3.1,3.0,4357.0,4267.0,4051.0,4246.0,4159.0,3948.0,4277.0,4190.0,3977.0,4258.0,4171.0,3959.0,4189.0,4103.0,3895.0,3597.0,3523.0,3344.0,2779.0,2722.0,2584.0,4717.0,4675.0,4571.0,4602.0,4561.0,4460.0,4520.0,4480.0,4381.0,4459.0,4419.0,4321.0,4202.0,4164.0,4072.0,3351.0,3321.0,3247.0,2754.0,2729.0,2669.0,1697.0,2001.0,2726.0,1717.0,2024.0,2758.0,1785.0,2105.0,2868.0,1854.0,2186.0,2978.0,1945.0,2294.0,3125.0,1932.0,2278.0,3103.0,1949.0,2298.0,3131.0,2515.0,2988.0,4005.0,2561.0,3042.0,4078.0,2617.0,3109.0,4168.0,2802.0,3329.0,4462.0,2922.0,3471.0,4653.0,3000.0,3564.0,4777.0,3035.0,3606.0,4833.0,118.0,139.0,190.0,119.0,141.0,192.0,124.0,147.0,200.0,129.0,152.0,207.0,135.0,160.0,218.0,134.0,159.0,216.0,136.0,160.0,218.0,175.0,208.0,279.0,178.0,212.0,284.0,182.0,216.0,290.0,195.0,232.0,311.0,203.0,242.0,324.0,209.0,248.0,332.0,211.0,251.0,336.0,1157.0,1364.0,1859.0,1161.0,1368.0,1864.0,1221.0,1440.0,1961.0,1275.0,1503.0,2048.0,1297.0,1530.0,2084.0,1309.0,1544.0,2104.0,1429.0,1685.0,2296.0,1826.0,2169.0,2907.0,1832.0,2177.0,2918.0,1883.0,2237.0,2999.0,1952.0,2319.0,3108.0,1973.0,2344.0,3141.0,1975.0,2346.0,3145.0,2169.0,2577.0,3455.0,65.0,74.0,94.0,67.0,76.0,96.0,68.0,77.0,98.0,69.0,78.0,99.0,70.0,80.0,101.0,69.0,79.0,100.0,66.0,76.0,96.0,49.0,56.0,71.0,50.0,57.0,71.0,52.0,59.0,74.0,56.0,64.0,80.0,57.0,68.0,86.0,61.0,70.0,88.0,55.0,63.0,79.0,422.0,497.0,677.0,437.0,515.0,702.0,440.0,519.0,707.0,450.0,531.0,723.0,513.0,604.0,823.0,488.0,575.0,784.0,384.0,453.0,617.0,514.0,611.0,819.0,550.0,653.0,876.0,552.0,656.0,879.0,655.0,779.0,1044.0,746.0,886.0,1188.0,816.0,970.0,1300.0,654.0,777.0,1042.0,35.0,41.0,57.0,36.0,43.0,60.0,37.0,44.0,61.0,38.0,45.0,63.0,40.0,48.0,67.0,47.0,55.0,77.0,59.0,71.0,98.0,37.0,44.0,60.0,39.0,46.0,62.0,41.0,48.0,65.0,44.0,53.0,71.0,49.0,59.0,79.0,64.0,75.0,102.0,76.0,90.0,122.0
2.5,4.0,4.0,4.0,1.5,1.5,1.5,4.0,10.0,10.0,10.0,7.3,7.3,7.3,68.5,68.5,68.5,25.7,5.2,5.2,5.2,2.6,2.6,2.6,6.6,6.6,6.6,4.9,4.9,4.9,5.0,4.9,4.6,4.9,4.8,4.5,4.9,4.8,4.5,4.9,4.8,4.5,4.8,4.7,4.4,4.1,4.0,3.8,3.2,3.1,3.0,5.4,5.3,5.2,5.3,5.2,5.1,5.2,5.1,5.0,5.1,5.0,4.9,4.8,4.8,4.6,3.8,3.8,3.7,3.1,3.1,3.0,4364.0,4273.0,4054.0,4253.0,4164.0,3951.0,4285.0,4196.0,3980.0,4265.0,4176.0,3962.0,4196.0,4109.0,3898.0,3603.0,3528.0,3347.0,2783.0,2725.0,2585.0,4721.0,4678.0,4573.0,4606.0,4564.0,4461.0,4524.0,4483.0,4382.0,4463.0,4422.0,4323.0,4205.0,4167.0,4073.0,3353.0,3323.0,3248.0,2756.0,2731.0,2670.0,1670.0,1977.0,2710.0,1689.0,2000.0,2742.0,1757.0,2080.0,2851.0,1824.0,2160.0,2961.0,1914.0,2266.0,3107.0,1901.0,2250.0,3085.0,1918.0,2270.0,3113.0,2478.0,2956.0,3985.0,2523.0,3010.0,4058.0,2579.0,3076.0,4147.0,2761.0,3293.0,4440.0,2879.0,3434.0,4630.0,2956.0,3526.0,4753.0,2990.0,3567.0,4809.0,116.0,138.0,189.0,118.0,139.0,191.0,122.0,145.0,198.0,127.0,150.0,206.0,133.0,158.0,216.0,132.0,157.0,215.0,133.0,158.0,217.0,172.0,206.0,277.0,176.0,209.0,282.0,179.0,214.0,289.0,192.0,229.0,309.0,200.0,239.0,322.0,206.0,245.0,331.0,208.0,248.0,335.0,1139.0,1348.0,1848.0,1142.0,1352.0,1853.0,1201.0,1422.0,1950.0,1255.0,1485.0,2036.0,1277.0,1511.0,2072.0,1288.0,1525.0,2091.0,1406.0,1665.0,2282.0,1799.0,2146.0,2893.0,1806.0,2154.0,2904.0,1855.0,2213.0,2984.0,1923.0,2294.0,3093.0,1944.0,2318.0,3126.0,1946.0,2321.0,3129.0,2138.0,2550.0,3437.0,64.0,74.0,94.0,66.0,75.0,96.0,67.0,77.0,97.0,68.0,77.0,98.0,70.0,79.0,101.0,69.0,78.0,99.0,65.0,75.0,95.0,49.0,56.0,70.0,49.0,56.0,71.0,51.0,58.0,74.0,56.0,63.0,80.0,56.0,67.0,85.0,61.0,69.0,87.0,55.0,62.0,79.0,415.0,491.0,673.0,430.0,509.0,698.0,433.0,513.0,703.0,443.0,524.0,719.0,504.0,597.0,819.0,480.0,568.0,779.0,378.0,448.0,614.0,507.0,605.0,815.0,542.0,646.0,872.0,544.0,649.0,875.0,646.0,770.0,1038.0,735.0,877.0,1182.0,804.0,959.0,1293.0,645.0,769.0,1037.0,34.0,41.0,57.0,36.0,42.0,59.0,36.0,43.0,61.0,38.0,45.0,63.0,40.0,47.0,66.0,46.0,55.0,76.0,58.0,70.0,98.0,37.0,44.0,60.0,38.0,46.0,62.0,40.0,48.0,65.0,44.0,52.0,71.0,48.0,58.0,79.0,63.0,75.0,101.0,75.0,89.0,121.0
2.5,4.0,4.0,4.0,1.5,1.5,1.5,4.0,10.0,10.0,10.0,7.3,7.3,7.3,68.5,68.5,68.5,25.7,5.2,5.2,5.2,2.6,2.6,2.6,6.6,6.6,6.6,4.9,4.9,4.9,5.0,4.9,4.6,4.9,4.8,4.5,4.9,4.8,4.5,4.9,4.8,4.5,4.8,4.7,4.5,4.1,4.0,3.8,3.2,3.1,3.0,5.4,5.3,5.2,5.3,5.2,5.1,5.2,5.1,5.0,5.1,5.1,4.9,4.8,4.8,4.7,3.8,3.8,3.7,3.1,3.1,3.0,4371.0,4279.0,4057.0,4260.0,4170.0,3953.0,4292.0,4201.0,3983.0,4272.0,4182.0,3965.0,4203.0,4115.0,3901.0,3609.0,3533.0,3349.0,2788.0,2729.0,2587.0,4724.0,4681.0,4574.0,4609.0,4567.0,4462.0,4527.0,4486.0,4383.0,4466.0,4425.0,4324.0,4208.0,4169.0,4074.0,3355.0,3325.0,3249.0,2758.0,2733.0,2670.0,1644.0,1953.0,2694.0,1663.0,1977.0,2726.0,1729.0,2055.0,2835.0,1796.0,2134.0,2944.0,1884.0,2240.0,3089.0,1871.0,2224.0,3067.0,1888.0,2244.0,3095.0,2443.0,2925.0,3966.0,2488.0,2978.0,4038.0,2542.0,3044.0,4127.0,2722.0,3259.0,4418.0,2838.0,3398.0,4607.0,2914.0,3489.0,4730.0,2948.0,3530.0,4785.0,114.0,136.0,188.0,116.0,138.0,190.0,120.0,143.0,197.0,125.0,149.0,205.0,131.0,156.0,215.0,130.0,155.0,213.0,131.0,156.0,215.0,170.0,204.0,276.0,173.0,207.0,281.0,177.0,212.0,287.0,189.0,227.0,307.0,198.0,236.0,321.0,203.0,243.0,329.0,205.0,246.0,333.0,1121.0,1332.0,1837.0,1124.0,1336.0,1843.0,1183.0,1406.0,1939.0,1235.0,1468.0,2024.0,1257.0,1494.0,2060.0,1268.0,1507.0,2079.0,1384.0,1645.0,2269.0,1773.0,2123.0,2879.0,1780.0,2131.0,2890.0,1829.0,2190.0,2969.0,1896.0,2270.0,3078.0,1916.0,2294.0,3110.0,1918.0,2297.0,3114.0,2107.0,2523.0,3421.0,64.0,73.0,93.0,65.0,74.0,95.0,66.0,76.0,97.0,67.0,76.0,98.0,69.0,79.0,100.0,68.0,77.0,99.0,65.0,74.0,95.0,48.0,55.0,70.0,49.0,56.0,71.0,51.0,58.0,74.0,55.0,63.0,80.0,56.0,67.0,85.0,60.0,68.0,87.0,54.0,62.0,78.0,408.0,485.0,670.0,423.0,503.0,694.0,426.0,507.0,699.0,436.0,518.0,715.0,497.0,590.0,814.0,472.0,562.0,774.0,372.0,442.0,610.0,500.0,598.0,811.0,534.0,640.0,867.0,536.0,642.0,871.0,637.0,762.0,1033.0,725.0,867.0,1176.0,793.0,949.0,1287.0,636.0,761.0,1032.0,34.0,40.0,57.0,35.0,42.0,59.0,36.0,43.0,60.0,37.0,44.0,62.0,39.0,47.0,66.0,45.0,54.0,76.0,58.0,69.0,97.0,36.0,43.0,59.0,38.0,45.0,62.0,40.0,47.0,65.0,43.0,52.0,70.0,47.0,57.0,78.0,62.0,74.0,101.0,74.0,88.0,120.0
2.5,4.0,4.0,4.0,1.5,1.5,1.5,4.0,10.0,10.0,10.0,7.3,7.3,7.3,68.5,68.5,68.5,25.7,5.2,5.2,5.2,2.6,2.6,2.6,6.6,6.6,6.6,4.9,4.9,4.9,5.0,4.9,4.6,4.9,4.8,4.5,4.9,4.8,4.5,4.9,4.8,4.5,4.8,4.7,4.5,4.1,4.0,3.8,3.2,3.1,3.0,5.4,5.3,5.2,5.3,5.2,5.1,5.2,5.1,5.0,5.1,5.1,4.9,4.8,4.8,4.7,3.8,3.8,3.7,3.2,3.1,3.0,4378.0,4285.0,4059.0,4267.0,4176.0,3956.0,4298.0,4207.0,3985.0,4279.0,4188.0,3967.0,4210.0,4120.0,3903.0,3614.0,3537.0,3351.0,2792.0,2733.0,2589.0,4728.0,4684.0,4576.0,4612.0,4569.0,4464.0,4530.0,4488.0,4385.0,4469.0,4428.0,4325.0,4211.0,4172.0,4075.0,3358.0,3327.0,3250.0,2760.0,2734.0,2671.0,1619.0,1931.0,2679.0,1638.0,1954.0,2711.0,1703.0,2032.0,2819.0,1768.0,2110.0,2928.0,1856.0,2214.0,3072.0,1843.0,2198.0,3050.0,1859.0,2218.0,3078.0,2410.0,2896.0,3947.0,2453.0,2948.0,4019.0,2507.0,3013.0,4108.0,2685.0,3226.0,4398.0,2799.0,3364.0,4586.0,2874.0,3454.0,4708.0,2908.0,3494.0,4763.0,113.0,134.0,186.0,114.0,136.0,189.0,119.0,141.0,196.0,123.0,147.0,204.0,129.0,154.0,214.0,128.0,153.0,212.0,129.0,154.0,214.0,168.0,202.0,275.0,171.0,205.0,280.0,175.0,210.0,286.0,187.0,225.0,306.0,195.0,234.0,319.0,200.0,240.0,328.0,202.0,243.0,331.0,1104.0,1317.0,1827.0,1107.0,1321.0,1833.0,1165.0,1390.0,1928.0,1216.0,1451.0,2013.0,1238.0,1477.0,2049.0,1249.0,1490.0,2068.0,1363.0,1626.0,2257.0,1749.0,2102.0,2865.0,1756.0,2110.0,2876.0,1804.0,2168.0,2955.0,1870.0,2247.0,3063.0,1890.0,2271.0,3096.0,1892.0,2274.0,3099.0,2078.0,2498.0,3405.0,63.0,72.0,93.0,64.0,74.0,95.0,65.0,75.0,96.0,66.0,76.0,97.0,68.0,78.0,100.0,67.0,77.0,98.0,64.0,73.0,94.0,48.0,55.0,70.0,48.0,55.0,70.0,50.0,57.0,73.0,54.0,62.0,79.0,55.0,66.0,84.0,59.0,68.0,87.0,53.0,61.0,78.0,402.0,480.0,666.0,417.0,497.0,690.0,420.0,501.0,695.0,429.0,512.0,711.0,489.0,583.0,809.0,465.0,555.0,770.0,367.0,437.0,607.0,493.0,592.0,807.0,527.0,633.0,863.0,529.0,636.0,867.0,628.0,755.0,1029.0,715.0,859.0,1170.0,782.0,940.0,1281.0,627.0,753.0,1027.0,33.0,40.0,56.0,35.0,41.0,59.0,35.0,42.0,60.0,36.0,44.0,62.0,38.0,46.0,66.0,44.0,53.0,76.0,57.0,68.0,97.0,36.0,43.0,59.0,37.0,45.0,61.0,39.0,47.0,64.0,43.0,51.0,70.0,47.0,57.0,78.0,61.0,73.0,100.0,73.0,87.0,120.0
2.5,4.0,4.0,4.0,1.5,1.5,1.5,4.0,10.0,10.0,10.0,7.3,7.3,7.3,68.5,68.5,68.5,25.7,5.2,5.2,5.2,2.6,2.6,2.6,6.6,6.6,6.6,4.9,4.9,4.9,5.0,4.9,4.6,4.9,4.8,4.5,4.9,4.8,4.6,4.9,4.8,4.5,4.8,4.7,4.5,4.1,4.0,3.8,3.2,3.1,3.0,5.4,5.3,5.2,5.3,5.2,5.1,5.2,5.1,5.0,5.1,5.1,4.9,4.8,4.8,4.7,3.8,3.8,3.7,3.2,3.1,3.1,4385.0,4290.0,4062.0,4273.0,4181.0,3958.0,4305.0,4212.0,3988.0,4285.0,4193.0,3970.0,4216.0,4125.0,3906.0,3620.0,3542.0,3353.0,2796.0,2736.0,2590.0,4731.0,4686.0,4577.0,4615.0,4572.0,4465.0,4533.0,4491.0,4386.0,4472.0,4430.0,4326.0,4214.0,4174.0,4076.0,3360.0,3328.0,3251.0,2762.0,2736.0,2672.0,1595.0,1910.0,2665.0,1614.0,1933.0,2697.0,1678.0,2010.0,2804.0,1742.0,2087.0,2912.0,1828.0,2190.0,3056.0,1815.0,2174.0,3034.0,1832.0,2194.0,3061.0,2377.0,2867.0,3929.0,2420.0,2920.0,4001.0,2474.0,2984.0,4089.0,2648.0,3195.0,4378.0,2762.0,3331.0,4565.0,2835.0,3420.0,4687.0,2868.0,3460.0,4741.0,111.0,133.0,185.0,112.0,134.0,188.0,117.0,140.0,195.0,121.0,145.0,203.0,127.0,152.0,213.0,126.0,151.0,211.0,127.0,153.0,213.0,165.0,200.0,273.0,168.0,203.0,278.0,172.0,208.0,285.0,184.0,222.0,305.0,192.0,232.0,318.0,197.0,238.0,326.0,200.0,241.0,330.0,1087.0,1302.0,1817.0,1091.0,1306.0,1823.0,1147.0,1374.0,1918.0,1198.0,1435.0,2003.0,1219.0,1460.0,2038.0,1231.0,1474.0,2057.0,1343.0,1608.0,2245.0,1726.0,2081.0,2852.0,1732.0,2089.0,2863.0,1780.0,2147.0,2942.0,1845.0,2225.0,3049.0,1864.0,2249.0,3082.0,1867.0,2251.0,3085.0,2050.0,2473.0,3389.0,62.0,72.0,92.0,64.0,73.0,94.0,65.0,74.0,96.0,65.0,75.0,97.0,67.0,77.0,99.0,66.0,76.0,98.0,63.0,73.0,94.0,47.0,54.0,69.0,48.0,55.0,70.0,50.0,57.0,73.0,54.0,62.0,79.0,54.0,66.0,84.0,59.0,67.0,86.0,53.0,61.0,78.0,396.0,475.0,662.0,411.0,492.0,686.0,414.0,495.0,691.0,423.0,507.0,707.0,482.0,577.0,805.0,458.0,549.0,766.0,361.0,433.0,604.0,486.0,587.0,804.0,520.0,627.0,859.0,522.0,629.0,863.0,619.0,747.0,1024.0,705.0,850.0,1165.0,772.0,931.0,1275.0,618.0,746.0,1022.0,33.0,39.0,56.0,34.0,41.0,58.0,35.0,42.0,60.0,36.0,43.0,62.0,38.0,46.0,65.0,44.0,53.0,75.0,56.0,67.0,96.0,35.0,43.0,59.0,37.0,44.0,61.0,39.0,46.0,64.0,42.0,50.0,70.0,46.0,56.0,77.0,60.0,72.0,100.0,72.0,86.0,119.0
2.5,4.0,4.0,4.0,1.5,1.5,1.5,4.0,10.0,10.0,10.0,7.3,7.3,7.3,68.5,68.5,68.5,25.7,5.2,5.2,5.2,2.6,2.6,2.6,6.6,6.6,6.6,4.9,4.9,4.9,5.0,4.9,4.6,4.9,4.8,4.5,4.9,4.8,4.6,4.9,4.8,4.5,4.8,4.7,4.5,4.1,4.0,3.8,3.2,3.1,3.0,5.4,5.4,5.2,5.3,5.2,5.1,5.2,5.1,5.0,5.1,5.1,4.9,4.8,4.8,4.7,3.8,3.8,3.7,3.2,3.1,3.1,4391.0,4295.0,4064.0,4279.0,4186.0,3961.0,4311.0,4217.0,3990.0,4291.0,4198.0,3972.0,4222.0,4130.0,3908.0,3625.0,3546.0,3355.0,2800.0,2739.0,2592.0,4734.0,4689.0,4578.0,4618.0,4574.0,4466.0,4536.0,4493.0,4387.0,4475.0,4432.0,4328.0,4216.0,4176.0,4077.0,3362.0,3330.0,3252.0,2764.0,2737.0,2673.0,1572.0,1889.0,2651.0,1590.0,1912.0,2683.0,1654.0,1988.0,2790.0,1717.0,2064.0,2897.0,1802.0,2166.0,3040.0,1789.0,2151.0,3018.0,1805.0,2170.0,3046.0,2346.0,2840.0,3912.0,2389.0,2892.0,3983.0,2441.0,2956.0,4071.0,2614.0,3164.0,4359.0,2725.0,3299.0,4545.0,2798.0,3388.0,4666.0,2831.0,3427.0,4721.0,109.0,131.0,185.0,111.0,133.0,187.0,115.0,138.0,194.0,119.0,144.0,202.0,125.0,151.0,212.0,125.0,150.0,210.0,126.0,151.0,212.0,163.0,198.0,272.0,166.0,201.0,277.0,170.0,206.0,283.0,182.0,220.0,303.0,190.0,230.0,316.0,195.0,236.0,325.0,197.0,239.0,329.0,1072.0,1288.0,1808.0,1075.0,1292.0,1814.0,1131.0,1360.0,1908.0,1181.0,1420.0,1992.0,1202.0,1445.0,2027.0,1213.0,1458.0,2046.0,1323.0,1591.0,2233.0,1703.0,2062.0,2840.0,1709.0,2069.0,2851.0,1756.0,2126.0,2929.0,1821.0,2204.0,3036.0,1840.0,2228.0,3068.0,1842.0,2230.0,3072.0,2024.0,2450.0,3374.0,61.0,71.0,92.0,63.0,72.0,94.0,64.0,74.0,95.0,65.0,74.0,96.0,66.0,76.0,99.0,65.0,75.0,98.0,62.0,72.0,93.0,47.0,54.0,69.0,47.0,54.0,70.0,49.0,57.0,73.0,53.0,61.0,79.0,54.0,65.0,84.0,58.0,67.0,86.0,52.0,60.0,78.0,391.0,470.0,659.0,405.0,486.0,683.0,408.0,490.0,688.0,417.0,501.0,703.0,475.0,571.0,801.0,452.0,543.0,762.0,356.0,428.0,601.0,480.0,581.0,800.0,513.0,621.0,856.0,515.0,623.0,859.0,611.0,740.0,1019.0,696.0,842.0,1160.0,761.0,922.0,1270.0,610.0,739.0,1018.0,32.0,39.0,56.0,34.0,40.0,58.0,34.0,41.0,59.0,35.0,43.0,61.0,37.0,45.0,65.0,43.0,52.0,75.0,55.0,66.0,96.0,35.0,42.0,58.0,36.0,44.0,61.0,38.0,46.0,64.0,42.0,50.0,69.0,46.0,56.0,77.0,59.0,72.0,99.0,71.0,86.0,119.0
2.5,4.0,4.0,4.0,1.5,1.5,1.5,4.0,10.0,10.0,10.0,7.3,7.3,7.3,68.5,68.5,68.5,25.7,5.2,5.2,5.2,2.6,2.6,2.6,6.6,6.6,6.6,4.9,4.9,4.9,5.0,4.9,4.6,4.9,4.8,4.5,4.9,4.8,4.6,4.9,4.8,4.5,4.8,4.7,4.5,4.1,4.1,3.8,3.2,3.1,3.0,5.4,5.4,5.2,5.3,5.2,5.1,5.2,5.1,5.0,5.1,5.1,4.9,4.8,4.8,4.7,3.8,3.8,3.7,3.2,3.1,3.1,4397.0,4300.0,4067.0,4285.0,4191.0,3963.0,4317.0,4222.0,3993.0,4297.0,4203.0,3974.0,4228.0,4135.0,3910.0,3630.0,3550.0,3357.0,2804.0,2743.0,2594.0,4737.0,4691.0,4579.0,4621.0,4577.0,4467.0,4539.0,4495.0,4388.0,4478.0,4435.0,4329.0,4219.0,4178.0,4079.0,3364.0,3332.0,3252.0,2765.0,2739.0,2673.0,1549.0,1870.0,2638.0,1568.0,1892.0,2670.0,1630.0,1967.0,2776.0,1693.0,2043.0,2883.0,1776.0,2143.0,3025.0,1764.0,2128.0,3003.0,1779.0,2147.0,3030.0,2316.0,2814.0,3896.0,2358.0,2865.0,3967.0,2410.0,2928.0,4054.0,2580.0,3135.0,4340.0,2691.0,3269.0,4526.0,2763.0,3356.0,4647.0,2795.0,3395.0,4701.0,108.0,130.0,184.0,109.0,132.0,186.0,113.0,137.0,193.0,118.0,142.0,201.0,124.0,149.0,211.0,123.0,148.0,209.0,124.0,149.0,211.0,161.0,196.0,271.0,164.0,199.0,276.0,168.0,204.0,282.0,180.0,218.0,302.0,187.0,228.0,315.0,192.0,234.0,323.0,194.0,236.0,327.0,1056.0,1275.0,1799.0,1060.0,1279.0,1805.0,1115.0,1345.0,1898.0,1164.0,1405.0,1982.0,1185.0,1430.0,2017.0,1196.0,1443.0,2036.0,1305.0,1575.0,2222.0,1681.0,2043.0,2828.0,1688.0,2050.0,2838.0,1734.0,2107.0,2917.0,1797.0,2184.0,3023.0,1817.0,2207.0,3055.0,1819.0,2209.0,3059.0,1998.0,2427.0,3360.0,61.0,70.0,91.0,62.0,72.0,93.0,63.0,73.0,95.0,64.0,74.0,96.0,66.0,76.0,99.0,65.0,75.0,97.0,62.0,71.0,93.0,46.0,53.0,69.0,47.0,54.0,70.0,49.0,56.0,72.0,53.0,61.0,78.0,53.0,65.0,83.0,57.0,66.0,86.0,52.0,60.0,77.0,385.0,465.0,656.0,399.0,481.0,679.0,402.0,485.0,684.0,411.0,496.0,700.0,468.0,565.0,797.0,445.0,537.0,758.0,351.0,423.0,598.0,474.0,576.0,797.0,507.0,615.0,852.0,508.0,618.0,855.0,603.0,733.0,1015.0,687.0,834.0,1155.0,752.0,913.0,1264.0,603.0,732.0,1013.0,32.0,38.0,55.0,33.0,40.0,58.0,34.0,41.0,59.0,35.0,42.0,61.0,37.0,45.0,64.0,42.0,51.0,74.0,54.0,66.0,95.0,35.0,42.0,58.0,36.0,44.0,61.0,38.0,46.0,63.0,41.0,50.0,69.0,45.0,55.0,77.0,59.0,71.0,99.0,70.0,85.0,118.0
2.5,4.0,4.0,4.0,1.5,1.5,1.5,4.0,10.0,10.0,10.0,7.3,7.3,7.3,68.5,68.5,68.5,25.7,5.2,5.2,5.2,2.6,2.6,2.6,6.6,6.6,6.6,4.9,4.9,4.9,5.0,4.9,4.6,4.9,4.8,4.5,4.9,4.8,4.6,4.9,4.8,4.5,4.8,4.7,4.5,4.1,4.1,3.8,3.2,3.1,3.0,5.4,5.4,5.2,5.3,5.2,5.1,5.2,5.1,5.0,5.1,5.1,4.9,4.8,4.8,4.7,3.8,3.8,3.7,3.2,3.1,3.1,4403.0,4305.0,4069.0,4291.0,4195.0,3965.0,4323.0,4227.0,3995.0,4303.0,4207.0,3977.0,4234.0,4140.0,3913.0,3635.0,3554.0,3359.0,2808.0,2746.0,2595.0,4740.0,4694.0,4580.0,4624.0,4579.0,4468.0,4542.0,4498.0,4389.0,4480.0,4437.0,4330.0,4221.0,4180.0,4080.0,3366.0,3334.0,3253.0,2767.0,2740.0,2674.0,1528.0,1850.0,2626.0,1546.0,1872.0,2657.0,1608.0,1947.0,2763.0,1669.0,2022.0,2869.0,1752.0,2122.0,3010.0,1739.0,2107.0,2989.0,1755.0,2126.0,3016.0,2287.0,2789.0,3880.0,2329.0,2839.0,3950.0,2380.0,2902.0,4037.0,2548.0,3107.0,4323.0,2657.0,3240.0,4507.0,2728.0,3326.0,4628.0,2760.0,3365.0,4682.0,106.0,129.0,183.0,108.0,130.0,185.0,112.0,136.0,192.0,116.0,141.0,200.0,122.0,148.0,209.0,121.0,147.0,208.0,122.0,148.0,210.0,159.0,194.0,270.0,162.0,198.0,275.0,166.0,202.0,281.0,177.0,216.0,301.0,185.0,225.0,314.0,190.0,231.0,322.0,192.0,234.0,326.0,1042.0,1262.0,1790.0,1045.0,1266.0,1796.0,1099.0,1332.0,1889.0,1148.0,1390.0,1973.0,1168.0,1415.0,2008.0,1179.0,1428.0,2026.0,1287.0,1558.0,2211.0,1660.0,2024.0,2816.0,1666.0,2032.0,2827.0,1712.0,2088.0,2905.0,1775.0,2164.0,3011.0,1794.0,2187.0,3043.0,1796.0,2190.0,3046.0,1973.0,2405.0,3346.0,60.0,70.0,91.0,61.0,71.0,93.0,63.0,73.0,95.0,63.0,73.0,95.0,65.0,75.0,98.0,64.0,74.0,97.0,61.0,71.0,92.0,46.0,53.0,69.0,46.0,54.0,69.0,48.0,56.0,72.0,52.0,60.0,78.0,53.0,64.0,83.0,57.0,66.0,85.0,51.0,59.0,77.0,380.0,460.0,652.0,393.0,476.0,676.0,396.0,480.0,681.0,405.0,491.0,696.0,462.0,559.0,793.0,439.0,532.0,755.0,346.0,419.0,595.0,468.0,570.0,794.0,500.0,610.0,849.0,502.0,612.0,852.0,596.0,727.0,1011.0,678.0,827.0,1150.0,742.0,905.0,1259.0,595.0,725.0,1009.0,31.0,38.0,55.0,33.0,40.0,57.0,33.0,41.0,59.0,34.0,42.0,61.0,36.0,44.0,64.0,42.0,51.0,74.0,53.0,65.0,95.0,34.0,41.0,58.0,36.0,43.0,60.0,37.0,45.0,63.0,40.0,49.0,69.0,44.0,55.0,76.0,58.0,70.0,98.0,69.0,84.0,118.0
2.5,4.0,4.0,4.0,1.5,1.5,1.5,4.0,10.0,10.0,10.0,7.3,7.3,7.3,68.5,68.5,68.5,25.7,5.2,5.2,5.2,2.6,2.6,2.6,6.6,6.6,6.6,4.9,4.9,4.9,5.0,4.9,4.6,4.9,4.8,4.5,4.9,4.8,4.6,4.9,4.8,4.5,4.8,4.7,4.5,4.2,4.1,3.8,3.2,3.1,3.0,5.4,5.4,5.2,5.3,5.2,5.1,5.2,5.1,5.0,5.1,5.1,4.9,4.8,4.8,4.7,3.8,3.8,3.7,3.2,3.1,3.1,4409.0,4310.0,4071.0,4296.0,4200.0,3967.0,4328.0,4231.0,3997.0,4309.0,4212.0,3979.0,4239.0,4144.0,3915.0,3640.0,3558.0,3361.0,2812.0,2749.0,2596.0,4742.0,4696.0,4581.0,4626.0,4581.0,4469.0,4544.0,4500.0,4390.0,4483.0,4439.0,4331.0,4224.0,4182.0,4081.0,3368.0,3335.0,3254.0,2768.0,2741.0,2675.0,1507.0,1832.0,2613.0,1525.0,1854.0,2644.0,1586.0,1928.0,2750.0,1647.0,2002.0,2855.0,1728.0,2100.0,2996.0,1716.0,2086.0,2975.0,1731.0,2104.0,3002.0,2259.0,2764.0,3864.0,2300.0,2814.0,3935.0,2351.0,2876.0,4021.0,2517.0,3080.0,4305.0,2624.0,3211.0,4489.0,2695.0,3297.0,4609.0,2726.0,3335.0,4663.0,105.0,128.0,182.0,106.0,129.0,184.0,110.0,134.0,191.0,115.0,139.0,199.0,120.0,146.0,209.0,119.0,145.0,207.0,120.0,146.0,209.0,157.0,192.0,269.0,160.0,196.0,274.0,164.0,200.0,280.0,175.0,214.0,300.0,183.0,223.0,312.0,188.0,229.0,321.0,190.0,232.0,325.0,1028.0,1249.0,1782.0,1031.0,1253.0,1787.0,1084.0,1318.0,1880.0,1132.0,1377.0,1963.0,1152.0,1401.0,1998.0,1163.0,1414.0,2017.0,1269.0,1543.0,2201.0,1640.0,2006.0,2805.0,1646.0,2014.0,2816.0,1691.0,2069.0,2893.0,1753.0,2145.0,2999.0,1772.0,2168.0,3031.0,1774.0,2170.0,3034.0,1949.0,2384.0,3333.0,60.0,69.0,91.0,61.0,71.0,93.0,62.0,72.0,94.0,62.0,73.0,95.0,64.0,75.0,98.0,63.0,74.0,96.0,60.0,70.0,92.0,45.0,53.0,68.0,46.0,53.0,69.0,48.0,55.0,72.0,52.0,60.0,78.0,52.0,64.0,83.0,56.0,65.0,85.0,51.0,59.0,77.0,375.0,455.0,649.0,388.0,472.0,673.0,391.0,475.0,678.0,400.0,486.0,693.0,455.0,553.0,789.0,433.0,527.0,751.0,341.0,415.0,592.0,462.0,565.0,790.0,494.0,605.0,845.0,496.0,607.0,848.0,589.0,720.0,1007.0,670.0,820.0,1146.0,733.0,897.0,1254.0,588.0,719.0,1005.0,31.0,38.0,55.0,32.0,39.0,57.0,33.0,40.0,58.0,34.0,41.0,60.0,36.0,44.0,64.0,41.0,50.0,74.0,53.0,64.0,94.0,34.0,41.0,58.0,35.0,43.0,60.0,37.0,45.0,63.0,40.0,49.0,68.0,44.0,54.0,76.0,57.0,70.0,98.0,68.0,83.0,117.0
2.5,4.0,4.0,4.0,1.5,1.5,1.5,4.0,10.0,10.0,10.0,7.3,7.3,7.3,68.5,68.5,68.5,25.7,5.2,5.2,5.2,2.6,2.6,2.6,6.6,6.6,6.6,4.9,4.9,4.9,5.0,4.9,4.6,4.9,4.8,4.5,4.9,4.8,4.6,4.9,4.8,4.5,4.8,4.7,4.5,4.2,4.1,3.8,3.2,3.1,3.0,5.4,5.4,5.2,5.3,5.2,5.1,5.2,5.1,5.0,5.1,5.1,4.9,4.8,4.8,4.7,3.8,3.8,3.7,3.2,3.1,3.1,4414.0,4314.0,4073.0,4302.0,4204.0,3969.0,4334.0,4236.0,3999.0,4314.0,4216.0,3981.0,4245.0,4148.0,3917.0,3644.0,3562.0,3363.0,2815.0,2751.0,2598.0,4745.0,4698.0,4583.0,4629.0,4583.0,4471.0,4547.0,4502.0,4391.0,4485.0,4441.0,4332.0,4226.0,4184.0,4081.0,3370.0,3337.0,3255.0,2770.0,2743.0,2675.0,1487.0,1814.0,2601.0,1505.0,1836.0,2632.0,1565.0,1909.0,2737.0,1625.0,1982.0,2842.0,1705.0,2080.0,2982.0,1693.0,2065.0,2961.0,1708.0,2084.0,2988.0,2232.0,2740.0,3849.0,2273.0,2790.0,3919.0,2323.0,2852.0,4006.0,2487.0,3053.0,4289.0,2593.0,3184.0,4472.0,2662.0,3269.0,4591.0,2693.0,3307.0,4645.0,103.0,126.0,181.0,105.0,128.0,183.0,109.0,133.0,190.0,113.0,138.0,198.0,119.0,145.0,208.0,118.0,144.0,206.0,119.0,145.0,208.0,155.0,191.0,268.0,158.0,194.0,273.0,162.0,198.0,279.0,173.0,212.0,298.0,180.0,222.0,311.0,185.0,227.0,320.0,187.0,230.0,323.0,1014.0,1237.0,1774.0,1017.0,1241.0,1779.0,1070.0,1305.0,1872.0,1117.0,1363.0,1954.0,1137.0,1387.0,1989.0,1147.0,1400.0,2007.0,1252.0,1528.0,2191.0,1620.0,1989.0,2794.0,1626.0,1997.0,2805.0,1671.0,2052.0,2882.0,1732.0,2127.0,2987.0,1751.0,2149.0,3019.0,1753.0,2152.0,3022.0,1925.0,2364.0,3320.0,59.0,69.0,90.0,60.0,70.0,92.0,61.0,71.0,94.0,62.0,72.0,95.0,64.0,74.0,97.0,63.0,73.0,96.0,60.0,70.0,92.0,45.0,52.0,68.0,45.0,53.0,69.0,47.0,55.0,72.0,51.0,59.0,78.0,52.0,63.0,83.0,56.0,65.0,85.0,50.0,58.0,76.0,370.0,451.0,646.0,383.0,467.0,670.0,386.0,471.0,675.0,394.0,481.0,690.0,449.0,548.0,786.0,427.0,522.0,748.0,337.0,411.0,589.0,457.0,561.0,787.0,488.0,599.0,842.0,490.0,602.0,845.0,582.0,714.0,1003.0,662.0,813.0,1141.0,724.0,889.0,1249.0,581.0,713.0,1001.0,30.0,37.0,55.0,32.0,39.0,57.0,32.0,40.0,58.0,33.0,41.0,60.0,35.0,43.0,63.0,41.0,50.0,73.0,52.0,64.0,94.0,33.0,41.0,57.0,35.0,42.0,60.0,36.0,44.0,63.0,40.0,48.0,68.0,43.0,54.0,76.0,57.0,69.0,98.0,67.0,82.0,117.0
2.5,4.0,4.0,4.0,1.5,1.5,1.5,4.0,10.0,10.0,10.0,7.3,7.3,7.3,68.5,68.5,68.5,25.7,5.2,5.2,5.2,2.6,2.6,2.6,6.6,6.6,6.6,4.9,4.9,4.9,5.0,4.9,4.7,4.9,4.8,4.5,5.0,4.8,4.6,4.9,4.8,4.5,4.9,4.7,4.5,4.2,4.1,3.8,3.2,3.1,3.0,5.4,5.4,5.2,5.3,5.2,5.1,5.2,5.1,5.0,5.1,5.1,4.9,4.8,4.8,4.7,3.8,3.8,3.7,3.2,3.1,3.1,4420.0,4319.0,4075.0,4307.0,4208.0,3971.0,4339.0,4240.0,4001.0,4319.0,4221.0,3983.0,4250.0,4153.0,3919.0,3649.0,3565.0,3364.0,2819.0,2754.0,2599.0,4748.0,4700.0,4584.0,4631.0,4585.0,4472.0,4549.0,4504.0,4392.0,4488.0,4443.0,4333.0,4228.0,4186.0,4082.0,3372.0,3338.0,3255.0,2772.0,2744.0,2676.0,1468.0,1797.0,2590.0,1485.0,1818.0,2620.0,1544.0,1891.0,2725.0,1603.0,1963.0,2830.0,1682.0,2060.0,2969.0,1671.0,2046.0,2948.0,1686.0,2064.0,2975.0,2206.0,2718.0,3835.0,2246.0,2767.0,3905.0,2296.0,2828.0,3991.0,2458.0,3028.0,4273.0,2563.0,3157.0,4455.0,2631.0,3241.0,4574.0,2662.0,3279.0,4628.0,102.0,125.0,180.0,103.0,127.0,182.0,107.0,132.0,190.0,112.0,137.0,197.0,117.0,143.0,207.0,116.0,142.0,205.0,117.0,144.0,207.0,154.0,189.0,267.0,156.0,193.0,272.0,160.0,197.0,278.0,171.0,211.0,297.0,178.0,220.0,310.0,183.0,226.0,318.0,185.0,228.0,322.0,1001.0,1225.0,1766.0,1004.0,1229.0,1771.0,1056.0,1293.0,1863.0,1103.0,1350.0,1946.0,1122.0,1374.0,1980.0,1132.0,1387.0,1998.0,1236.0,1513.0,2181.0,1601.0,1973.0,2784.0,1607.0,1980.0,2794.0,1651.0,2034.0,2871.0,1712.0,2109.0,2976.0,1730.0,2131.0,3008.0,1732.0,2134.0,3011.0,1903.0,2344.0,3308.0,58.0,68.0,90.0,60.0,70.0,92.0,61.0,71.0,93.0,61.0,71.0,94.0,63.0,73.0,97.0,62.0,72.0,96.0,59.0,69.0,91.0,44.0,52.0,68.0,45.0,52.0,69.0,47.0,55.0,71.0,51.0,59.0,77.0,51.0,63.0,82.0,55.0,64.0,84.0,50.0,58.0,76.0,365.0,447.0,644.0,378.0,463.0,667.0,381.0,466.0,672.0,389.0,477.0,687.0,443.0,543.0,782.0,422.0,517.0,744.0,332.0,407.0,587.0,451.0,556.0,784.0,482.0,594.0,839.0,484.0,597.0,842.0,575.0,708.0,999.0,654.0,806.0,1137.0,716.0,882.0,1245.0,574.0,707.0,998.0,30.0,37.0,54.0,31.0,38.0,57.0,32.0,39.0,58.0,33.0,41.0,60.0,35.0,43.0,63.0,40.0,49.0,73.0,51.0,63.0,93.0,33.0,40.0,57.0,34.0,42.0,60.0,36.0,44.0,62.0,39.0,48.0,68.0,43.0,53.0,76.0,56.0,69.0,97.0,67.0,82.0,116.0
2.5,4.0,4.0,4.0,1.5,1.5,1.5,4.0,10.0,10.0,10.0,7.3,7.3,7.3,68.5,68.5,68.5,25.7,5.2,5.2,5.2,2.6,2.6,2.6,6.6,6.6,6.6,4.9,4.9,4.9,5.1,4.9,4.7,4.9,4.8,4.5,5.0,4.8,4.6,4.9,4.8,4.5,4.9,4.7,4.5,4.2,4.1,3.8,3.2,3.1,3.0,5.4,5.4,5.2,5.3,5.2,5.1,5.2,5.1,5.0,5.1,5.1,4.9,4.8,4.8,4.7,3.9,3.8,3.7,3.2,3.1,3.1,4425.0,4323.0,4077.0,4312.0,4213.0,3973.0,4344.0,4244.0,4003.0,4324.0,4225.0,3985.0,4255.0,4157.0,3921.0,3653.0,3569.0,3366.0,2822.0,2757.0,2600.0,4750.0,4702.0,4585.0,4634.0,4587.0,4472.0,4552.0,4506.0,4393.0,4490.0,4445.0,4334.0,4231.0,4188.0,4083.0,3374.0,3340.0,3256.0,2773.0,2745.0,2676.0,1449.0,1780.0,2579.0,1466.0,1801.0,2609.0,1524.0,1873.0,2713.0,1583.0,1945.0,2817.0,1661.0,2041.0,2956.0,1649.0,2027.0,2935.0,1664.0,2045.0,2962.0,2181.0,2695.0,3821.0,2220.0,2744.0,3890.0,2269.0,2805.0,3976.0,2429.0,3003.0,4257.0,2533.0,3131.0,4439.0,2601.0,3215.0,4558.0,2631.0,3252.0,4611.0,101.0,124.0,179.0,102.0,125.0,182.0,106.0,130.0,189.0,110.0,135.0,196.0,116.0,142.0,206.0,115.0,141.0,204.0,116.0,142.0,206.0,152.0,188.0,266.0,155.0,191.0,271.0,158.0,195.0,277.0,169.0,209.0,296.0,176.0,218.0,309.0,181.0,224.0,317.0,183.0,226.0,321.0,988.0,1214.0,1758.0,991.0,1218.0,1764.0,1042.0,1281.0,1855.0,1088.0,1338.0,1937.0,1108.0,1361.0,1972.0,1118.0,1374.0,1990.0,1220.0,1499.0,2172.0,1583.0,1956.0,2774.0,1589.0,1964.0,2784.0,1632.0,2018.0,2861.0,1692.0,2092.0,2965.0,1710.0,2114.0,2997.0,1712.0,2116.0,3000.0,1881.0,2325.0,3296.0,58.0,68.0,90.0,59.0,69.0,91.0,60.0,70.0,93.0,61.0,71.0,94.0,62.0,73.0,97.0,61.0,72.0,95.0,59.0,69.0,91.0,44.0,51.0,68.0,45.0,52.0,68.0,46.0,54.0,71.0,50.0,59.0,77.0,51.0,62.0,82.0,55.0,64.0,84.0,49.0,58.0,76.0,360.0,442.0,641.0,373.0,458.0,664.0,376.0,462.0,669.0,384.0,472.0,684.0,438.0,538.0,779.0,416.0,512.0,741.0,328.0,403.0,584.0,446.0,551.0,782.0,477.0,589.0,836.0,479.0,592.0,839.0,568.0,702.0,996.0,647.0,799.0,1133.0,708.0,875.0,1240.0,567.0,701.0,994.0,30.0,37.0,54.0,31.0,38.0,56.0,32.0,39.0,58.0,33.0,40.0,59.0,34.0,42.0,63.0,40.0,49.0,73.0,51.0,63.0,93.0,33.0,40.0,57.0,34.0,42.0,59.0,35.0,44.0,62.0,39.0,47.0,68.0,42.0,53.0,75.0,55.0,68.0,97.0,66.0,81.0,116.0
